"titulo_normalizado","fecha_estreno"
"091 policia al habla","2025-05-16"
"117 moon","2025-06-12"
"12 palabras phoenix","2022-06-24"
"14 de abril macia contracompanys","2011-11-25"
"19","2023-03-31"
"2020","2020-11-27"
"2 anos 4 meses","2020-09-04"
"3","2019-05-07"
"33 anos de oscuridad","2022-05-23"
"75 dias los crimenes de alcasser","2022-04-22"
"75 dias se realiza siguiendo el criterio de semanas cinematograficas","2021-05-31"
"7º dia","2025-04-30"
"8 anos phoenix","2023-01-20"
"abadesa la se realiza siguiendo el criterio de semanas cinematograficas","2024-03-22"
"absolucion","2021-06-02"
"abuela y el forastero","2024-09-13"
"acantilado","2016-06-03"
"a contracorriente","2021-09-29"
"adios cuba","2025-12-12"
"a dios pongo por testigo se realiza siguiendo el criterio de semanas cinematograficas","2022-03-09"
"adn de la memoria","2023-12-18"
"adopcion","2015-11-13"
"a dos velas se realiza siguiendo el criterio de semanas cinematograficas","2025-02-18"
"advertencia cuanto ensuciamos cuando limpiamos","2019-03-22"
"a escondidas","2014-10-10"
"aguantando er tipo","2021-09-30"
"agua tiempos","2022-02-11"
"ahora la luz cae vertical","2023-10-06"
"aire","2024-05-10"
"akelarre avalon","2020-10-02"
"a la cara","2026-05-15"
"alaska un reto de vida","2019-11-28"
"alcarras avalon","2022-04-29"
"alegres tiempos el concierto","2023-03-31"
"algo salvaje la historia de bambino phoenix","2021-11-19"
"alguer un pentagrama como una calle","2018-06-17"
"aliento","2024-12-17"
"alma anciana","2022-05-27"
"al margen the","2024-11-20"
"alma un sueno musical maravillas","2025-05-16"
"almudena","2025-05-16"
"al oeste en zapata","2025-11-26"
"a lo loco","2025-05-16"
"a los que aman","2024-04-23"
"altamira","2016-04-01"
"alternativas construyendo futuros posibles","2023-04-25"
"alumbrar las 1001 novias","2017-07-14"
"alyonka sonada","2025-07-24"
"ama","2021-07-16"
"amalia en otono","2020-11-20"
"amame","2022-04-01"
"amanece","2023-11-17"
"amanece en calcuta european","2021-04-16"
"amanece que no es poco","2023-03-23"
"amanecer","2021-09-17"
"amante del silencio","2017-06-01"
"amantes","2021-02-26"
"amigas de agata","2016-06-10"
"amigas de agata las avalon","2016-06-10"
"amigo","2020-11-09"
"aminetu","2025-11-08"
"amor en su lugar","2021-12-03"
"amor en toda la cara","2024-06-07"
"amor y la muerte el historia de enrique granados margenes","2018-11-09"
"anaga naturaleza infinita","2024-12-13"
"anaga naturaleza infinita se realiza siguiendo el criterio de semanas cinematograficas","2024-12-13"
"ana y los lobos","2023-02-28"
"andromedas","2021-03-06"
"angel","2018-10-31"
"angelica","2017-09-29"
"angel llamado rebeca european","2024-04-26"
"anibal el arquitecto de sevilla","2023-11-24"
"animal de compania","2017-06-16"
"animales sin collar entertainment","2018-10-19"
"animal humano margenes","2024-04-05"
"animals","2012-10-26"
"ano mas","2019-11-22"
"ano una noche","2022-10-21"
"ano y un dia","2025-03-21"
"antologia de l atzar","2021-09-30"
"antonio el bailarin de espana","2025-11-25"
"antonio gonzalez hombre de ciencia y conciencia","2019-02-20"
"antonio machado los dias azules se realiza siguiendo el criterio de semanas cinematograficas","2020-12-04"
"a nuestros amigos margenes","2025-04-04"
"anwar","2022-11-25"
"apuntes para una pelicula de atracos avalon","2018-12-05"
"aquel ultimo tiburon","2025-11-15"
"arantzazu","2024-04-12"
"arca de noe","2017-06-09"
"archipielago indomito","2019-05-10"
"arenas de silencio","2018-11-14"
"arizmendiarrieta el hombre cooperativo urresti","2018-05-11"
"armas no borraran tu sonrisa","2024-01-25"
"arnasa betean a pulmon","2023-11-09"
"aroak","2024-09-25"
"arrebato","2022-04-20"
"art d alcada","2024-03-12"
"artefacto 71","2024-09-05"
"artifacts assembly","2024-05-04"
"asamblea","2019-05-17"
"asedio","2023-05-05"
"asi crecen los enanos","2022-11-03"
"aspirante","2024-09-20"
"astral","2016-10-12"
"astrid","2021-02-27"
"ataud de cristal","2018-05-18"
"atin aya retrato del silencio maravillas","2025-03-07"
"aullar cineand","2025-11-21"
"aun","2022-04-27"
"aurora","2025-03-07"
"auteretrato urresti","2019-09-13"
"auto das animas o","2024-05-03"
"ay carmela","2022-11-13"
"azahar","2019-06-28"
"b","2015-09-18"
"bajo la rosa","2017-11-19"
"balada perdida","2023-09-15"
"bala la se realiza siguiendo el criterio de semanas cinematograficas","2025-11-21"
"balandrau infierno helado","2021-05-12"
"balearic","2025-12-12"
"banda","2019-06-21"
"bandera","2024-06-14"
"bano propio","2025-03-07"
"barcelona mon amour","2025-11-28"
"barcelona noche de invierno","2015-12-04"
"barcelona noche de verano","2013-09-06"
"barcelona surf destination","2022-05-31"
"barrio","2023-05-11"
"barro de la revolucion","2020-02-28"
"basotik itsasora","2021-06-05"
"bastarda","2024-05-09"
"b avalon","2015-09-18"
"be happy els","2019-09-20"
"bella","2025-11-28"
"benin infancia robada","2024-07-21"
"bernabeu","2017-11-10"
"bernarda","2018-10-26"
"berserker","2017-04-14"
"beso de dios el european","2022-04-22"
"best day of my life the","2018-03-16"
"bicicletas son para el verano","2022-07-14"
"bidean jarraituz siguiendo en el camino","2023-02-10"
"bienvenido mr banksy","2023-03-03"
"big big big","2020-09-26"
"bikes","2019-04-18"
"binu historia de dos estrellas se realiza siguiendo el criterio de semanas cinematograficas","2024-05-07"
"bisbal","2023-10-12"
"black beach entertainment","2020-09-25"
"blackwood entertainment","2018-08-03"
"blue rai","2017-05-23"
"blues para teheran","2021-07-02"
"bofi","2024-09-21"
"boi","2019-03-29"
"book the moon","2024-11-08"
"bosque del lobo","2022-10-19"
"boye","2016-07-29"
"brava","2017-07-07"
"bruja mas que bruja","2016-07-15"
"buceadores de la luna","2019-07-09"
"buelos nunca es tarde para emprender entertainment","2019-10-11"
"burnout","2025-05-15"
"bury us a punk rock uprising","2021-06-05"
"buscando la pelicula phoenix","2022-07-29"
"caballo de viento","2017-06-14"
"caballos alberto","2023-11-23"
"cabanyal any zero","2019-05-13"
"cada quince dias","2019-02-22"
"caja vacia","2023-02-28"
"calavera resumida","2023-06-29"
"caleta palace","2023-11-24"
"callejeras","2021-10-08"
"calle mayor","2022-10-06"
"cambio de sentido","2023-11-02"
"camera cafe","2022-03-25"
"camino","2008-10-17"
"camino de cova eiros o","2025-10-30"
"camino mas largo para volver a casa","2015-05-29"
"camino sin limites saen rdeoa laiz daj seingeubieando el criterio de semanas cinematograficas","2019-09-06"
"campanadas a medianoche","2025-05-17"
"campeonex se realiza siguiendo el criterio de semanas cinematograficas","2023-08-18"
"canciones de horror","2021-10-16"
"cantabrico","2017-03-31"
"cant dels ocells","2008-12-19"
"cant dels ocells el se realiza siguiendo el criterio de semanas cinematograficas","2008-12-19"
"canto cosmico nino de elche margenes","2022-02-04"
"cantuna","2023-06-22"
"caparros las botas del entrenador maravillas","2024-04-26"
"capitolio contra capitolio","2025-07-04"
"capturar las 1001 novias","2017-03-16"
"carbon","2023-12-29"
"carga","2024-07-25"
"carga el diablo lo","2025-04-25"
"carmen muerte por un sueno","2022-03-24"
"carpetas azules","2022-11-08"
"carrasca","2018-12-07"
"cartas de akyab","2021-10-26"
"cartas perdidas las la carcel y el exilio de las mujeres repub","2022-05-13"
"casa bloc rehabilitacion de una idea","2024-04-18"
"casa en llamas","2024-06-28"
"casals la fuerza de un silencio","2018-05-18"
"cash n flow el evento","2017-07-01"
"casi 40 avalon","2018-06-29"
"casilda el eco de otros pasos","2023-02-02"
"castillo de argueso","2025-01-18"
"cataluna ambigua sheridan s","2025-02-27"
"caza la boccacio","2023-03-10"
"cebo","2025-10-20"
"cecilia bartolome tan lejos tan cerca","2025-05-11"
"celedonio y yo somos asi","2024-10-17"
"cenerentola la teatro real","2023-11-23"
"cercle en l aigua","2020-11-06"
"cero 5 a","2023-03-24"
"cerrar los ojos avalon","2023-09-29"
"chain the","2019-05-31"
"chavela","2017-06-16"
"chemsex un viaje al interior","2025-11-14"
"chhaupadi","2025-01-30"
"chica de la cancion","2017-12-12"
"chichi y yo","2024-10-11"
"cholitas arena","2020-01-24"
"cielo de los animales el maravillas","2025-05-09"
"cielo no puede esperar el european","2023-02-24"
"cielo tan turbio","2022-03-25"
"cienaga","2024-06-25"
"cifra negra","2018-04-10"
"cima","2022-03-25"
"cinebasura la pelicula","2017-06-02"
"cine registro vivo de nuestra memoria","2022-08-12"
"cine registro vivo de nuestra memoria se realiza siguiendo el criterio de semanas cinematograficas","2022-08-12"
"circulo","2021-09-08"
"cirlot la mirada de bronwyn","2024-05-09"
"citizen science revolution","2018-05-31"
"ciudad de los muertos","2019-11-05"
"ciudad oculta la margenes","2019-05-31"
"clan","2015-11-13"
"clase valiente el poder de las palabras","2017-05-31"
"club del pino solitario","2021-06-10"
"cocina de los hombres","2022-12-17"
"coda 77","2021-10-21"
"cola colita colassa","2016-01-29"
"colibri","2015-12-25"
"colision","2016-12-02"
"colis suspect","2019-03-14"
"colmena","2022-09-08"
"colores del porvenir los sheridan s","2021-11-19"
"comercial","2025-05-26"
"comicos","2022-07-04"
"como conquistamos el oeste y adonde nos llevo","2025-06-27"
"compas del silencio","2025-07-31"
"comunidad la 25 aniversario avalon","2025-08-21"
"conducta animal","2018-05-28"
"con el viento","2018-11-23"
"confesiones chin chin","2024-11-18"
"confinados","2021-11-19"
"con nombre propio","2019-02-09"
"consecuencias","2021-09-17"
"consecuencias las se realiza siguiendo el criterio de semanas cinematograficas","2021-09-17"
"constelacion portabella","2025-10-24"
"constructores de la alhambra los se realiza siguiendo el criterio de semanas cinematograficas","2022-11-25"
"construyendo la luz","2021-12-10"
"contigo contigo y sin mi potenza","2023-11-09"
"contra etiqueta","2024-04-15"
"conversaciones sobre el odio moon","2023-10-20"
"converso","2017-09-29"
"converso margenes","2017-09-29"
"copel una historia de rebeldia y dignidad","2018-01-09"
"corazon ardiente european","2020-02-21"
"corazon de africa","2016-04-22"
"corazon de europa el phoenix","2022-05-27"
"corazon de padre european","2022-03-18"
"corriente la ibiza blue","2023-06-16"
"corrupcion el organismo nocivo","2018-04-20"
"corsarios","2015-05-15"
"cortar las 1001 novias","2017-11-24"
"cosas que hacer antes de morir","2021-06-03"
"cover el entertainment","2021-07-23"
"crack","2024-11-18"
"creatura avalon","2023-09-08"
"crimen de cuenca","2021-10-25"
"cristianos","2023-10-25"
"critico","2022-10-07"
"crossroads el viaje circular de boa mistura","2023-10-18"
"crossroads paco roca","2017-11-01"
"cuaderno de barro el avalon","2018-04-16"
"cuadro","2019-11-08"
"cuando toco un animal","2023-07-28"
"cuando un rio se convierte en mar","2025-11-01"
"cuarto reino el el reino de los plasticos","2019-11-22"
"cuca retrato de una mujer","2019-11-28"
"cuerpo abierto","2022-12-09"
"culpa","2022-05-06"
"cumbre es el camino","2021-03-24"
"cyborg generation","2024-11-22"
"dama del bosque maldito","2020-07-10"
"dancing beethoven margenes","2017-04-28"
"dani fernandez todo cambia","2025-06-19"
"debut","2017-07-14"
"de caperucita a loba","2023-04-05"
"decision de joaquina","2024-12-15"
"de dali a miquel","2021-04-09"
"de eso no hablamos","2023-06-13"
"de la luz y las sombras","2025-05-06"
"demonios de barro","2022-11-18"
"depedro todo va a salir bien","2021-12-16"
"de percebes en el hurtado","2022-06-16"
"deprisa deprisa","2021-02-25"
"dernier round","2021-12-09"
"derrota","2023-10-19"
"desconocida","2023-06-09"
"desenterrando sad hill","2018-10-19"
"desheredados","2017-12-15"
"destierro","2016-11-04"
"destierros","2018-10-19"
"deuses de pedra","2025-11-26"
"dgu no crezcas o moriras","2016-03-11"
"dia cualquiera","2024-04-12"
"diana","2018-09-21"
"dia perfecte per volar","2015-10-23"
"diario de un lobero","2025-05-30"
"dias afogados os","2016-09-16"
"dias de la noche","2023-06-07"
"dias que vendran","2019-06-28"
"dias que vendran los avalon","2019-06-28"
"diecisiete","2019-10-04"
"diego vasallo la posteridad para mas tarde","2024-01-25"
"dies d estiu i de pluja","2025-06-13"
"dios lo ve","2025-11-13"
"dios no me perdona","2018-11-28"
"distancia mas larga la independent","2016-06-03"
"distancias","2018-09-07"
"divino tesoro se realiza siguiendo el criterio de semanas cinematograficas","2025-02-13"
"dobla la esquina el volcan","2024-02-21"
"doctrina el pecado original y la reinsercion","2018-05-11"
"doctrina el pecado original y la reinsercion se realiza siguiendo el criterio de semanas cinematograficas","2018-05-11"
"dog barking at the moon a","2019-12-16"
"dolores guapa se realiza siguiendo el criterio de semanas cinematograficas","2022-03-27"
"domingo domingo","2023-07-23"
"domino","2020-02-21"
"dona francisquita","2019-11-12"
"donana donde el agua es sagrada","2025-05-30"
"donde estabas cuando estabas","2025-12-19"
"donde la vida puede ser","2023-11-08"
"donde vamos a vivir mujeres contra el desahucio","2024-11-12"
"donkeyote","2017-09-17"
"dorothea y el myotragus","2020-10-24"
"dorothe na vila se realiza siguiendo el criterio de semanas cinematograficas","2022-01-28"
"dos","2021-07-23"
"down n hi do","2018-12-15"
"dragonkeeper guardiana de dragones","2024-04-19"
"drogas","2020-09-25"
"dues nits d ahir les","2020-11-27"
"dulcinea","2024-06-19"
"duo","2022-09-09"
"du vin dans les voiles","2023-07-23"
"ecos","2021-11-21"
"edades sensibles a la luz","2020-09-26"
"efecto all 1","2023-02-02"
"efecto all1 el parte ii","2024-10-17"
"ego","2021-12-01"
"elegido","2016-09-02"
"elkarrekin together together","2017-11-17"
"eloy de la iglesia adicto al cine urresti","2025-12-25"
"embarazados","2016-01-29"
"emilia","2022-11-11"
"empatia","2017-04-07"
"en acabar","2019-01-17"
"en clave de sol","2025-05-07"
"enemigos","2025-05-09"
"energia 3d","2013-09-26"
"enero","2020-09-28"
"en granada es posible","2015-11-13"
"en la linea del horizonte","2024-04-09"
"en las estrellas","2018-08-31"
"en otro lugar abre","2022-05-27"
"enterrar y callar","2022-07-14"
"entre perro y lobo","2021-06-18"
"entrevista","2018-05-30"
"entusiasmo una historia de la transicion","2019-11-20"
"erase una vez","2022-12-16"
"erase una vez en euskadi entertainment","2021-10-29"
"erasmus en gaza","2022-05-12"
"escapada","2019-05-31"
"escape room la pelicula","2022-03-11"
"escribir no es normal","2024-12-18"
"es el enemigo la pelicula de gila","2024-12-13"
"ese mundo que no te da nada","2025-03-12"
"espana en dos trincheras la guerra civil en color","2016-10-28"
"espanola la de torres","2020-10-16"
"espazos en branco os","2024-11-06"
"espejo","2022-10-22"
"espejo espejo","2022-05-20"
"espera la maravillas","2023-12-15"
"espiritu de la colmena el avalon","2023-09-01"
"esta ambicion desmedida avalon","2023-10-26"
"estacion violenta a margenes","2018-06-15"
"estado impuro phoenix","2022-01-05"
"este amor es de otro planeta cineand","2021-03-31"
"esther ferrer hilos de tiempo","2021-11-26"
"estimada sara","2022-11-03"
"estols se realiza siguiendo el criterio de semanas cinematograficas","2023-09-29"
"estos muros","2022-04-09"
"estrella fugaz european","2024-10-11"
"eterna se realiza siguiendo el criterio de semanas cinematograficas","2023-03-02"
"evangelio mayor","2023-06-28"
"everest un reto sobrehumano","2017-12-11"
"experimento deanie","2024-03-24"
"experimento stuka","2018-11-09"
"exploradores verticales","2022-10-20"
"explotando el eden lle a vache","2023-09-14"
"extrano rio","2025-10-03"
"extremadura paraiso natural de europa","2022-09-11"
"ez eskerrik asko la ventana de gladys","2021-03-23"
"fabula del escorpion y la rana","2024-02-22"
"falling","2016-12-16"
"faltan vuestros nombres","2025-05-10"
"familia dementia","2017-08-31"
"fandango maravillas","2025-06-20"
"fantasia","2021-11-26"
"faro","2024-01-26"
"fauna","2023-11-10"
"feedback entertainment","2019-03-01"
"feliz no cumpleanos","2023-11-07"
"fenomenos","2025-05-06"
"festa","2025-06-12"
"fianza","2024-12-05"
"fieles sirvientes","2025-10-23"
"fiesta de los locos","2016-11-25"
"fiesta no es para feos","2020-02-07"
"figuras femeninas","2021-03-25"
"filme pajaros volando","2025-01-31"
"film symphony orchestra","2020-12-03"
"final","2015-11-13"
"fin de fiesta","2025-01-31"
"fin de viaje sahara","2024-11-01"
"finlandia","2021-11-10"
"flores bajo el hielo","2024-09-12"
"flores de tierra quemada estrategias del terror en guatemala y espana","2023-05-06"
"flowers pop art","2022-03-27"
"foreign song a","2025-04-25"
"formentor el mar de las palabras","2021-06-04"
"fortaleza","2023-06-23"
"fracasados","2022-11-18"
"fragmentos","2025-12-12"
"francesca y el amor","2022-10-14"
"frederica montseny la mujer que habla","2021-10-07"
"free play","2021-09-27"
"free salir es posible","2023-10-21"
"frontera","2025-12-12"
"fueron los dias","2023-12-18"
"fuerza de un barrio","2021-05-21"
"fuga","2023-11-10"
"fugida","2024-05-15"
"funcion","2024-04-08"
"furgo","2025-06-20"
"furias","2016-11-11"
"fusilados","2022-05-10"
"futbolisimos 2 y el misterio del tesoro pirata","2025-08-08"
"gabor","2014-09-12"
"gallo","2019-09-27"
"game over","2015-04-18"
"gato montes","2025-06-24"
"gaua","2025-11-14"
"generacion lagartija","2024-06-21"
"generacion z","2016-04-22"
"genero chico","2024-06-14"
"geometria del esplendor","2016-11-04"
"gernika","2016-09-09"
"gesta sobre la maleza","2017-12-14"
"gesto","2022-11-22"
"ghosts of the chelsea hotel","2024-10-21"
"godot phoenix","2021-02-19"
"goerlich el arquitecto que sono su ciudad","2023-04-25"
"golondrinas","2022-11-25"
"golpe a golpe","2024-05-24"
"golpes","2025-12-05"
"gora automatikoa","2021-12-17"
"gran camino","2021-06-25"
"gran familia","2025-12-23"
"granja del paso","2015-11-27"
"gran ola","2017-03-24"
"gran teatre del liceu aida","2020-01-22"
"gran teatre del liceu romeo y julieta","2018-02-27"
"greco el pintor de lo invisible","2019-03-12"
"grieta","2017-12-12"
"guadalquivir","2013-12-13"
"guadalupe madre de la humanidad european","2024-03-01"
"guarapo","2024-03-08"
"guatemala cuando el futuro perdio el miedo","2018-02-06"
"guerra de los ninos la se realiza siguiendo el criterio de semanas cinematograficas","2022-05-27"
"guerra mas larga la se realiza siguiendo el criterio de semanas cinematograficas","2021-11-18"
"guillermo perez villalta del agua y el mediterraneo","2023-11-21"
"h","2023-06-22"
"hablar","2015-06-12"
"hada","2025-08-29"
"hada de las estaciones","2023-03-27"
"hamburgo","2025-05-30"
"hanna y las navidades olvidadas","2025-12-05"
"hanna y los monstruos","2023-04-21"
"hasta manana si dios quiere","2018-06-01"
"hasta que me quede sin voz se realiza siguiendo el criterio de semanas cinematograficas","2025-10-17"
"hay alguien en el bosque","2023-03-10"
"hay una puerta ahi se realiza siguiendo el criterio de semanas cinematograficas","2023-11-01"
"hazlo por mi","2023-05-09"
"heavies tiernos paycom","2023-12-22"
"helios gomez tinta y municion","2025-05-29"
"herederas","2021-08-28"
"herencia","2021-05-14"
"heridos european","2025-11-07"
"hermandad de los gitanos","2024-03-19"
"hermanos del viento","2017-06-23"
"hermanos sisters los avalon","2019-05-10"
"heroes del central park","2024-08-30"
"heroes silencio y rock roll","2021-04-22"
"hielo","2016-08-12"
"high club the","2025-09-10"
"hija","2021-11-26"
"hija de alguien","2019-05-31"
"hija del volcan","2025-05-23"
"hijas del trueno las moon se realiza siguiendo el criterio de semanas cinematograficas","2025-06-27"
"hijo del acordeonista","2019-04-12"
"hijos de dios","2025-10-16"
"hijos de las nubes la ultima colonia","2012-05-18"
"hijos de la tierra","2013-12-05"
"hijos de san luis los phoenix","2020-02-21"
"hispanoamerica canto a la vida y esperanza","2024-04-12"
"historias","2024-05-24"
"historias de halloween se realiza siguiendo el criterio de semanas cinematograficas","2025-11-14"
"historias del agua phoenix","2022-01-12"
"historias del poder y de la vida","2025-01-14"
"historia una cancion","2025-03-10"
"hogar","2023-03-03"
"hola estas sola","2022-01-12"
"hombre libre","2025-03-28"
"hombre llamado flor de otono","2022-10-21"
"hombre que lo queria ver todo","2021-03-25"
"hombre sin miedo","2024-06-07"
"hombre tranquilo","2025-03-16"
"home dels nassos l","2024-01-19"
"home e o can o","2022-09-28"
"hondaela abismo marino","2021-10-28"
"hospitalarios las manos de la virgen","2019-05-17"
"hostal espana","2020-09-30"
"hotel colon","2022-03-05"
"human hibernation the","2025-01-10"
"iceberg","2012-06-15"
"identicas","2019-04-05"
"idrissa cronica de una muerte cualquiera","2019-11-15"
"igelak","2016-12-02"
"ignacio de loyola european","2017-06-15"
"ignifugas","2023-05-29"
"ilegales 82","2023-06-02"
"ilusion de verano","2025-03-06"
"imatge permanent","2023-11-17"
"imposible lo","2012-10-11"
"impulso nomada","2025-09-05"
"impuros","2021-10-29"
"in albis","2023-09-28"
"incidencias","2015-12-31"
"indiscutible","2018-01-25"
"infierno o paraiso","2016-02-13"
"infiltrada en el bunker","2025-10-23"
"influencia","2019-06-21"
"informe general ii el nuevo rapto de europa","2016-02-05"
"inmersion entertainment","2018-04-06"
"inocente","2017-11-17"
"inocentes los se realiza siguiendo el criterio de semanas cinematograficas","2021-03-12"
"inside","2017-07-28"
"instinto","2025-05-16"
"in the same boat","2016-11-18"
"invasio dels barbars la tierra","2025-11-06"
"invasion","2024-06-28"
"invasion pequena","2025-07-04"
"invisibles","2020-03-06"
"invisible te podria pasar a ti","2022-11-22"
"invocation of enver simaku the","2019-04-26"
"ira","2017-03-03"
"irklais per atlanta","2024-07-05"
"irresponsables","2025-07-24"
"isidro el labrador","2022-05-01"
"isla bonita","2015-11-06"
"isla de los faisanes","2025-04-25"
"isla del viento","2016-11-18"
"isla en el desierto","2021-09-30"
"islandia el refugio perfecto","2021-05-02"
"isla perdida","2024-08-23"
"islas canarias las hijas del volcan","2020-12-04"
"ivan z","2025-11-29"
"jacinto","2022-10-07"
"jaen virgen y extra","2018-11-25"
"jantzari tradicion e igualdad","2021-04-28"
"japon","2019-06-28"
"jaume cabre la musica de las palabras","2025-02-04"
"jeanette soy rebelde","2024-10-18"
"jefa","2022-04-29"
"jefe","2018-07-06"
"jesucristo flamenco maravillas","2025-12-28"
"jesucristo superstar un hito en la historia del musical espanol","2018-12-13"
"jimmy y la tecla magica","2024-07-27"
"joan bennassar raons humanes","2024-07-20"
"johnny puff mision secreta maravillas","2024-04-05"
"jone a veces","2025-09-12"
"jorge una travesia de coque malla lasdelcine","2023-01-20"
"josefina","2021-11-05"
"jose luis lopez vazquez que disparate","2023-06-03"
"jose maria yturralde","2025-10-16"
"josep","2020-12-04"
"jota de saura","2016-10-07"
"juanito","2022-06-03"
"juego","2023-09-01"
"jueves milagro","2021-05-06"
"julia","2023-09-14"
"julie","2016-10-07"
"jusqu ici tout va","2022-07-30"
"justa trama","2020-10-28"
"kaiser de la atlantida","2022-05-10"
"kapo","2023-05-07"
"karamazoff","2018-11-02"
"karen","2021-06-04"
"kayak no limits menorca a cegue","2020-10-14"
"kene tiempos","2023-10-27"
"kepa junkera berpiztu kepa junkera renacer","2022-12-02"
"kilian jornet path to everest","2018-03-01"
"labordeta un hombre sin mas urresti","2022-09-23"
"laguna negra","2025-05-07"
"lapiz la nieve y la hierba","2020-08-10"
"largo viaje","2023-11-10"
"lasa y zabala","2014-10-17"
"latido del cielo el european","2023-11-17"
"latir reto 3 355","2021-03-26"
"lebrijano el un gitano universal","2021-10-01"
"l edat imminent","2024-12-13"
"legionario","2017-02-17"
"leiva madrid nuclear","2020-11-19"
"lejos del mar","2016-09-02"
"leonora carrington el juego surrealista","2023-05-12"
"l eternitat","2023-03-17"
"letras de jordi las margenes","2020-07-10"
"letras que marcan se realiza siguiendo el criterio de semanas cinematograficas","2025-01-09"
"ley de sodoma la barlovento","2025-12-05"
"leyenda del viento del norte","2020-10-24"
"leyes de termodinamica","2018-04-20"
"libelulas","2022-09-16"
"libertad","2021-03-26"
"liberte","2019-11-15"
"libreria","2017-11-10"
"libres","2023-04-21"
"ligones","2017-07-28"
"llamame paul","2024-11-14"
"llamame sinsorga se realiza siguiendo el criterio de semanas cinematograficas","2025-11-28"
"llapis horitzo","2025-10-24"
"lligams fils que cuiden la vida","2024-05-07"
"lluc una cronica de la pasteleria","2025-05-27"
"loli tormenta se realiza siguiendo el criterio de semanas cinematograficas","2023-03-31"
"longa noite","2019-12-05"
"longa noite se realiza siguiendo el criterio de semanas cinematograficas","2019-12-05"
"lo que arde","2019-10-11"
"love me not","2019-10-31"
"love u carme","2025-11-20"
"l ovidi el making of de la pel licula que mai es va fer","2016-01-15"
"lucero","2019-01-17"
"luces","2017-11-24"
"lucha de gigantes","2018-10-11"
"lucia di lammermoor teatre liceu","2017-11-07"
"luger cineand","2026-01-17"
"luis gordillo manual de instrucciones maravillas","2025-11-20"
"l ultim salt","2022-09-14"
"luminoso espacio salvaje european","2025-06-16"
"luna","2025-04-07"
"lunas de new york y luna grande un tango por garcia lorca","2017-11-28"
"lur y amets","2020-02-07"
"luz con el tiempo dentro la magenta","2015-03-06"
"luz de aisha","2025-04-11"
"luz en la oscuridad phoenix","2021-01-22"
"maa yiem la extraordinaria historia de jordi sabater pi","2024-02-22"
"madre","2016-10-28"
"madre no hay mas que una european","2023-10-20"
"madres","2025-05-22"
"madre ven european","2022-11-25"
"madrid ext","2025-08-28"
"madriguera","2016-12-02"
"madruga","2019-03-28"
"magallanes","2016-05-27"
"magical girl avalon","2014-10-17"
"magnificent stranger the","2025-10-13"
"malasana 80 music bar","2020-11-12"
"maldicion he vuelto a cambiar","2021-06-30"
"maldita primavera","2024-06-29"
"mallorca la isla madre","2022-11-11"
"mal que hacen los hombres","2016-02-19"
"malvaloca","2024-04-17"
"mama ahora mando yo","2025-07-30"
"mama quiero ser futbolista profesional","2022-06-24"
"mami","2020-10-23"
"manchester keeps on dancing","2018-01-12"
"maniobra de heimlich la paycom","2015-11-27"
"mans del genoves les","2024-05-05"
"mantra sonidos en silencio","2019-05-06"
"manuel machado o la edad de la poesia maravillas","2024-08-23"
"mapa","2013-02-01"
"maquinista","2025-04-29"
"mar adentro","2024-03-08"
"maragall i la lluna","2021-01-29"
"marcelino el mejor payaso del mundo","2020-07-10"
"marco","2024-11-08"
"marcos y vida","2021-11-01"
"margalida","2022-07-27"
"margolaria","2019-03-22"
"maria","2016-12-07"
"maria avalon","2016-12-07"
"maria casares la mujer que vivio mil vidas","2023-03-10"
"maria la portuguesa","2025-04-08"
"maria y la pelicula olvidada","2023-07-28"
"marilyn y las avispas maravillas","2024-04-05"
"mario","2025-10-10"
"mariquilla terremoto","2024-04-20"
"marisma","2025-05-23"
"mar menor mal mayor","2025-06-24"
"marsella","2014-07-18"
"marsellesa de los borrachos","2025-02-14"
"mas alla del terror","2023-04-22"
"mas cinco european","2025-03-28"
"maspalomas","2025-09-26"
"mas que amor frenesi","2023-07-06"
"matadero","2022-12-09"
"matanza","2015-04-10"
"matilde coral acariciando el aire","2016-09-16"
"matria avalon","2023-03-24"
"maus","2017-11-18"
"mccurry la busqueda del color","2022-06-03"
"media hora","2018-05-11"
"medjugorje la pelicula european","2021-10-01"
"mejor verano de mi vida el se realiza siguiendo el criterio de semanas cinematograficas","2018-07-12"
"me llamo gennet rloa zsoe nreesa lpizaar asi ghuuiierndo el criterio de semanas cinematograficas","2019-04-05"
"memoria del agua","2016-08-05"
"memoria inmortal","2025-02-20"
"memorias del angel caido se realiza siguiendo el criterio de semanas cinematograficas","2022-09-07"
"memorias rotas se realiza siguiendo el criterio de semanas cinematograficas","2023-10-23"
"menor de los hermanos el oscar","2025-03-13"
"menudos heroes","2015-12-04"
"mercenario","2025-04-01"
"meseta","2020-10-23"
"m esperaras","2018-10-19"
"mestra la ambra","2023-11-01"
"metamorphosis","2022-10-20"
"metodo farrer","2024-08-30"
"metralla de amor","2024-02-20"
"mi barrio vallecas","2023-09-30"
"micropolis","2024-05-09"
"miguel hernandez","2025-03-31"
"miguel picazo un cineasta extramuros","2016-12-02"
"miguel velazquez el catedratico del ring moon","2025-05-30"
"milicianas","2019-01-31"
"miocardio","2025-01-24"
"mi profesor","2021-06-27"
"mi querida senorita","2023-03-10"
"miralles","2025-07-30"
"mirande","2025-05-21"
"miriam miente paco","2018-11-30"
"mironins la pelicula","2021-12-03"
"misericordia","2025-03-21"
"mision a marte","2023-09-29"
"miss dali els","2018-04-06"
"misterio del padre pio el european","2018-11-23"
"mi valle","2016-11-11"
"moira","2019-12-10"
"molino","2025-12-03"
"momonsters la pelicula notorious","2023-12-06"
"money","2017-05-12"
"monica naranjo la huella de la pantera","2020-10-29"
"montserrat entre la roca y el conflicto","2025-09-18"
"montserrat integral 107","2024-10-26"
"monumental","2020-09-16"
"morente barcelona","2025-05-15"
"morir","2017-10-06"
"moros y cristianos","2021-08-20"
"mucha mierda","2025-02-07"
"mudar la piel margenes","2018-10-05"
"muerte de un ciclista","2023-12-29"
"muerte en la alcarria","2016-01-14"
"muerte tenia un precio","2025-09-28"
"muga deitzen da pauso","2019-05-24"
"mujer con unas alas tremendas","2020-10-23"
"mujeres de coque malla","2019-01-18"
"mujeres de cristal","2020-10-23"
"mujeres de sal hombres de humo","2021-06-24"
"mujeres olvidadas","2023-06-09"
"mujer ilegal","2020-12-11"
"mundo de jacques demy","2022-09-27"
"mundo es nuestro","2012-06-22"
"mundo es vuestro el entertainment","2022-03-18"
"munequita linda","2025-06-12"
"murillo el ultimo viaje","2017-11-17"
"musica en las manos jesus lopez cobos","2019-05-09"
"musical de los 80 a los 90 el maravillas","2024-08-14"
"muy lejos","2025-04-11"
"my mexican bretzel avalon se realiza siguiendo el criterio de semanas cinematograficas","2020-12-11"
"mystery of the pink flamingo the versus","2020-11-20"
"nacer por nacer","2023-06-30"
"nacido en gaza","2014-12-12"
"nacion","2021-03-26"
"nada","2025-05-21"
"nanas de la cebolla","2022-03-03"
"nanga parbat la montana desnuda","2020-11-13"
"nannys night the","2022-08-25"
"nato 0 el origen del mal","2023-06-09"
"naturaleza de lo extraordinario","2023-05-12"
"naturaleza muerta sexy sadie","2023-07-27"
"naufrafados os","2025-09-05"
"negociador","2015-03-13"
"negociadores los como construir la paz","2023-06-04"
"negro liimbo","2025-06-07"
"negros los european","2022-03-25"
"negro tiene nombre","2025-06-06"
"nena","2025-10-27"
"neskatoak","2021-10-20"
"nicaragua patria libre para vivir","2021-04-29"
"nightclubbing the birth of punk rock in nyc","2022-10-29"
"night watchman la mina the","2016-07-29"
"nina","2024-05-10"
"nina de la cabra la avalon","2025-04-11"
"ninas","2020-09-04"
"ninas de arena","2025-05-27"
"ninato margenes","2018-05-11"
"noah","2025-02-13"
"noche","2021-11-19"
"noche del terror","2025-10-28"
"no es bueno que el hombre este solo","2022-10-19"
"no estamos solos","2015-10-02"
"no estas loca","2025-11-13"
"no hay nadie","2021-11-02"
"no hay piedad para los condenados","2021-12-10"
"nora","2021-09-03"
"norbert","2025-01-17"
"no se apaguen las estrellas","2021-06-17"
"nosotros","2018-10-18"
"nosotros no nos mataremos con pistolas","2022-06-17"
"nos parecia importante","2024-06-28"
"nos va la marcha","2025-06-04"
"no tengas miedo","2011-04-29"
"no un cuento flamenco","2017-05-25"
"novatos","2015-11-06"
"nove de novembro","2018-03-02"
"novia","2015-12-11"
"novia la s 1e9 r7e5a llizaa ssigpuainean ddoe eflr carnitceor ieon d ceo sloemr anas cinematograficas e","2015-12-11"
"noviembre","2025-02-06"
"novio para mi mujer","2022-07-22"
"nubes y claros","2025-06-21"
"nueva tierra","2024-09-06"
"nueve sevillas","2021-11-19"
"objetos","2022-09-30"
"ocana retrato intermitente","2025-03-11"
"occidente","2021-03-18"
"ofrenda","2020-09-18"
"o futebol","2015-12-11"
"oh quina joia","2016-11-18"
"ojala manana","2021-12-01"
"ojos negros","2019-07-19"
"olivia y el terremoto invisible","2025-11-21"
"olivo","2016-05-06"
"olivo el entertainment","2016-05-06"
"olvidados","2022-06-30"
"olvido y leon","2021-03-26"
"ombligo","2021-06-25"
"ombligo de guie dani","2021-02-12"
"omega","2016-11-18"
"omega avalon","2016-11-18"
"on the go jur","2024-06-28"
"onyx los reyes del grial european","2019-03-22"
"operacion brooklyn","2023-07-25"
"orandi","2025-06-19"
"oreina","2018-09-28"
"oro","2017-11-09"
"oro rojo","2020-09-14"
"orquesta terrestre","2022-04-08"
"orrit","2023-05-25"
"os reviento the","2024-09-13"
"otros","2025-10-09"
"out of plastics","2018-07-05"
"overbooking","2019-01-25"
"pacifico sur las otras guerras colombianas","2020-11-13"
"paco de lucia busqueda","2014-10-24"
"padres","2025-02-21"
"palabra justa","2018-02-19"
"palabra justa la se realiza siguiendo el criterio de semanas cinematograficas","2018-02-19"
"palabra maldita","2021-10-29"
"palabras para un fin del mundo imagine","2020-11-13"
"palo","2025-04-14"
"palomos","2021-09-16"
"panda contra aliens","2023-09-08"
"pantalones a la luna","2025-02-11"
"panteras","2021-11-05"
"papeles","2025-12-05"
"parada en el infierno","2017-09-01"
"para entrar a vivir","2022-11-04"
"para que sirven las canciones de amor","2022-05-14"
"parasceve retrato de una semana santa european","2022-02-25"
"parking","2019-12-13"
"parque","2024-12-12"
"pasajera","2022-02-18"
"pascual duarte","2025-05-07"
"pasion por el cine trio musical","2021-09-09"
"pasion segun pep amores","2021-10-01"
"passion","2022-06-25"
"pastor","2017-07-07"
"pa tras ni pa tomar impulso","2020-11-27"
"patria","2017-06-09"
"patrimonio nacional","2021-05-02"
"pecera","2023-05-26"
"pedra i oli","2022-07-26"
"pelicula del hierro y la nieve","2024-02-14"
"peluquero romantico","2024-10-09"
"penelope","2018-09-14"
"penitencia","2021-11-24"
"people fuck you know cineand","2023-11-17"
"pepi fandango moon","2024-09-06"
"pepi luci bom y otras chicas del monton","2017-01-29"
"pequena suiza la entertainment","2019-04-26"
"pequeno peon","2025-06-17"
"perdido","2016-12-02"
"perdido lo","2020-02-07"
"pere joan","2022-07-26"
"peret yo soy la rumba","2019-03-22"
"perseides les","2019-12-05"
"persona humana phoenix","2023-02-17"
"pessoa lisboa","2017-04-14"
"petra","2018-10-19"
"petra de san jose european","2022-02-04"
"petra sdeo srealiza siguiendo el criterio de semanas cinematograficas margenes","2018-10-19"
"pica pica musical especial navidad","2020-12-18"
"pico reja phoenix","2022-06-17"
"piedra patria","2021-12-12"
"piedra patria se realiza siguiendo el criterio de semanas cinematograficas","2021-12-12"
"piel del volcan la","2021-05-21"
"piel fria","2017-10-20"
"piezas maravillas","2024-11-15"
"pikadero","2015-09-18"
"piko pala","2025-03-28"
"pim pam pum fuego","2022-10-20"
"pionero","2019-03-14"
"piramides murcianas","2020-07-24"
"pixi post y los genios de navidad","2016-12-23"
"placido","2018-12-03"
"placido avalon","2026-01-19"
"planeta","2021-11-28"
"planeta 5000 cosmo","2020-01-31"
"plata quemada","2023-07-13"
"platillos volantes","2022-09-06"
"platon","2021-10-08"
"playa de los ahogados","2015-10-09"
"pocoyo tu primera pelicula","2018-06-23"
"politica manual de instrucciones","2016-06-03"
"pols","2016-11-25"
"polvo seran se realiza siguiendo el criterio de semanas cinematograficas","2024-11-15"
"por los pelos","2022-08-12"
"por un punado de dolares","2023-04-04"
"posible y lo necesario lo","2018-09-13"
"post mortem","2021-06-01"
"pregon","2016-03-18"
"prima angelica la se realiza siguiendo el criterio de semanas cinematograficas","2023-02-14"
"primavera","2024-10-15"
"primera cita","2019-05-01"
"primera mujer","2021-12-10"
"primos","2011-02-04"
"procura da estrela a","2024-01-15"
"promesa","2017-06-02"
"propaganda game the","2015-10-30"
"protagonistes","2024-11-03"
"proxima piel","2016-10-21"
"puedes oirme paco","2020-10-02"
"punta del iceberg","2016-04-29"
"queer me","2025-12-12"
"que he hecho yo para merecer esto 1984","2019-02-09"
"queridos monstruos","2014-10-10"
"que sabemos lo","2022-11-25"
"que se avecina evento especial","2025-11-11"
"que se sepa","2024-11-15"
"quien es quien","2024-12-05"
"quieres salir puedes entrar","2025-09-06"
"quince","2021-03-20"
"quizas","2016-06-03"
"rabia kontra la makina","2022-09-10"
"ramona","2022-11-25"
"rapa","2024-03-22"
"raphaelismo","2022-06-28"
"raymond roussel el dia de gloria","2022-06-15"
"rebeldes del nom","2021-04-04"
"rebel the","2018-09-24"
"rec","2007-11-23"
"reflejos mortales sheridan s","2022-12-16"
"refugios de papel","2025-07-29"
"regreso a raqqa","2023-01-27"
"reina arte entre latidos","2018-10-29"
"reina de la zarzuela","2017-03-16"
"reina mora","2024-04-17"
"reino","2018-09-28"
"reir cantar tal vez llorar","2024-09-24"
"remo a","2017-10-09"
"renacidos el padre pio cambio sus vidas european","2019-11-15"
"reportero","2021-03-18"
"requiem for a tribe","2025-05-16"
"requisitos para ser una persona normal","2015-06-04"
"reset capitulo 1 ulpotha","2025-01-21"
"respira mama","2024-06-07"
"restoration the","2024-09-22"
"restos del pasar los les","2024-11-29"
"retablo de las maravillas apuntes para una pelicula sobre el quijote","2023-04-22"
"retorno el la vida despues del isis","2021-05-27"
"retrato de aida","2016-05-27"
"reverso","2016-02-05"
"revoltosa","2024-06-13"
"rider","2025-06-13"
"rigoletto","2017-04-06"
"rioja la tierra de los mil vinos","2023-11-10"
"ritos sexuales del diablo","2023-05-13"
"robe bienvenidos al temporal","2018-10-25"
"robles duelo al sol","2015-04-22"
"rock bottom avalon","2024-12-13"
"rodriguez y el mas alla los european","2019-10-31"
"rojo clavel","2025-11-20"
"rol rol","2020-09-09"
"rosalinda","2020-12-11"
"rotas","2016-11-25"
"rotspanier los esclavos espanoles del nazismo","2025-12-13"
"rubens el espectaculo de la vida","2020-10-19"
"ruido","2025-11-28"
"rural cops","2021-06-04"
"rusa","2018-04-19"
"ruta vol 2 ibiza","2025-10-24"
"sabater d ordis","2022-12-09"
"sabates grosses","2017-09-01"
"sacar a la luz la memoria de las artistas rapadas","2021-11-05"
"sacramento","2016-07-22"
"sagrada familia","2024-03-19"
"salir de casa","2016-01-15"
"salon","2024-07-21"
"salto","2024-04-12"
"salvacion","2017-06-09"
"salvador dali diarios de juventud","2021-03-09"
"salvador segui historia de un anarcosindicalista","2023-04-20"
"salvajes el cuento del lobo","2022-05-06"
"salvar tenerife","2022-06-09"
"salvaxe salvaxe se realiza siguiendo el criterio de semanas cinematograficas","2024-10-02"
"sandedro","2022-06-21"
"sangre sudor y alegria","2025-12-03"
"san simon","2025-10-24"
"santa fiesta","2016-05-27"
"sant marti","2019-03-22"
"santos inocentes","2020-10-15"
"santuaris de l antifranquisme","2015-12-15"
"sanz lo que fui es lo que soy avalon","2018-04-19"
"sarasate el rey del violin","2016-11-11"
"sasha","2017-06-02"
"saturno les","2024-10-04"
"sau la memoria sumergida","2024-11-20"
"saura","2017-11-03"
"second act of elliott murphy the","2015-11-01"
"secreto del doctor grinberg","2022-09-06"
"secta siniestra","2023-05-06"
"secundarias","2023-11-17"
"secundarias moon","2025-05-09"
"seduccion de caos","2025-12-03"
"segundo origen","2015-10-09"
"segundos fuera","2021-12-02"
"sekeleka ciudad refugio","2025-05-29"
"semana santa","2019-02-01"
"sembrando suenos enciende","2024-02-14"
"sender barayon viaje hacia la luz","2023-04-18"
"senor llevame pronto","2025-05-15"
"sense filtres","2025-11-14"
"sentimental","2020-10-30"
"septiembre","2023-10-06"
"se quien eres","2025-07-14"
"sergi mingote k2 invernal","2024-06-07"
"sergio serguei","2018-04-20"
"serrat y sabina el simbolo y el cuate","2013-09-27"
"sexo drogas rock n roll y politica instituto santamarca 1975 1985","2024-02-15"
"sexo maracas y chuhuahuas","2016-06-03"
"shooting for mirza margenes","2023-02-24"
"sica","2023-05-19"
"siempre es otono phoenix","2020-07-17"
"siempre jueves","2021-06-10"
"siete mesas de billar frances","2023-06-20"
"signo de caronte","2017-03-10"
"sigo siendo","2014-01-17"
"silencio","2025-11-15"
"silencio antes de bach","2024-06-08"
"silencio del pantano el entertainment","2020-01-01"
"silencio roto","2018-02-18"
"sindrome inverso de ebenezer scrooge","2021-06-03"
"sinel moon","2025-01-10"
"sin fin","2018-10-31"
"sinfonia por un nuevo mundo","2023-01-18"
"singla","2023-11-10"
"singled","2018-06-14"
"sin limite","2021-12-03"
"sin miedo","2018-04-20"
"sin novedad","2018-05-31"
"sinsombrero","2022-03-09"
"sin techo","2019-12-20"
"sintiendolo mucho avalon","2022-11-17"
"sintiendolo mucho se realiza siguiendo el criterio de semanas cinematograficas","2022-11-17"
"sin ti no puedo","2022-06-03"
"sirat trance en el desierto","2025-06-06"
"sis dies corrents","2021-12-03"
"sistema solar","2017-11-03"
"slasher","2023-05-12"
"sleeper the el caravaggio perdido","2025-05-13"
"smoking club 129 normas","2017-04-07"
"sola","2023-05-19"
"solas","2022-11-22"
"sol del membrillo el se realiza siguiendo el criterio de semanas cinematograficas","2022-12-16"
"solo pienso en ti","2025-11-28"
"solos en la noche","2024-09-20"
"solo se vive una vez","2017-10-12"
"solo una vez","2021-06-11"
"sombra la phoenix","2021-06-25"
"sonando con leones","2025-11-14"
"sonido pamplona","2016-01-13"
"sopar","2021-04-15"
"sordo","2019-09-13"
"sorolla la emocion del natural","2016-04-07"
"sotobosque","2018-10-07"
"spitsbergen el guardian del artico","2021-04-08"
"splendid hotel rimbaud en africa","2023-12-15"
"stay homas la banda que no deberia existir","2024-11-15"
"stockholm","2013-11-08"
"stop","2021-06-09"
"storm","2022-07-15"
"stormy night a","2020-12-18"
"subterraneos","2021-05-07"
"sucro","2023-05-11"
"suenos de sal","2015-09-24"
"sufre mamon","2022-09-08"
"suite nupcial la versus","2020-01-10"
"sumak kawsay el buen vivir tiempos","2025-07-18"
"summers el rebelde maravillas","2024-03-15"
"sunu gaal moon","2025-09-19"
"supernatural","2025-12-05"
"sur","2022-11-02"
"surcos phoenix","2021-05-28"
"tamano del corazon","2025-02-25"
"tara","2024-09-27"
"tasio","2025-09-23"
"tea sangria","2017-05-05"
"teatro real turandot","2020-02-13"
"techo del mundo","2023-03-21"
"tecido resistente","2021-05-28"
"tempo","2017-05-26"
"tenemos que hablar","2016-02-26"
"teoria dels cossos","2023-11-24"
"te protegeran mis alas maravillas","2025-11-14"
"tequila sexo drogas y rock roll","2022-11-25"
"terapia de parejas urresti","2024-02-14"
"tercer grado","2015-12-11"
"tercer grado total","2015-12-11"
"teresa","2023-11-24"
"ternura y la tercera persona","2018-04-07"
"terremoto","2021-10-08"
"teselas el poder transformador del viaje","2024-03-09"
"tesis","2025-09-07"
"test","2022-09-02"
"thi mai rumbo a vietnam se realiza siguiendo el criterio de semanas cinematograficas","2018-01-12"
"tiempo de silencio","2024-02-20"
"tiempo despues entertainment","2018-12-28"
"tiempo de tormenta","2022-10-22"
"tiempo precioso","2020-07-17"
"tiempos de deseo","2021-03-05"
"tierra baja","2025-01-31"
"tierra de atlantes","2024-11-22"
"tierra firme","2017-11-24"
"tierra firme avalon","2017-11-24"
"tierra normal","2025-05-15"
"tierra quemada","2018-03-27"
"tierra santa el ultimo peregrino european","2021-05-21"
"tierra y libertad","2023-05-10"
"tigernut la patria de las mujeres integras","2018-05-29"
"tigres de papel","2025-06-04"
"tin tina","2023-03-31"
"tivoli","2024-06-21"
"toca y pasa el balon versus","2018-11-09"
"todas las canciones hablan de mi","2010-12-10"
"todas las lunas","2021-05-14"
"todas las mujeres","2013-10-18"
"todas las mujeres que conozco","2018-11-24"
"toda una vida","2023-05-26"
"todo a la vez","2021-09-05"
"todo mujer","2017-04-28"
"todos a la carcel","2020-12-09"
"todo saldra bien","2016-07-08"
"todos contra mi","2023-09-12"
"todos lo hacen se realiza siguiendo el criterio de semanas cinematograficas","2022-12-28"
"todos los caminos","2019-01-11"
"todos los caminos de dios","2016-03-04"
"todos queremos lo mejor para ella","2013-10-25"
"todos vosotros sois capitanes","2011-06-03"
"tolyatti adrift","2022-10-28"
"tormento","2022-10-20"
"torre de los siete jorobados","2025-05-01"
"tortuga","2025-05-23"
"toscana","2022-05-27"
"traidores","2021-03-26"
"traje el algo mas que una leyenda","2021-11-20"
"tramposos","2022-05-30"
"transicion la de la dictadura a la democracia","2021-10-15"
"tregua","2023-09-22"
"tres","2021-11-05"
"tres caminos a cadiz","2024-02-08"
"tres muertes de teofilo del valle","2023-05-09"
"tribu","2018-03-16"
"trinchera infinita la entertainment","2019-10-31"
"triptico","2025-01-17"
"tros","2022-02-25"
"tuentifourseven","2025-12-01"
"tu hijo entertainment","2018-11-09"
"tu madre o la mia guerra de suegras","2024-08-02"
"tu me abrasas","2025-06-29"
"tuno negro","2025-10-25"
"tu sangre the","2024-10-31"
"ultima cena","2021-12-10"
"ultima cinta desde bosnia","2021-11-06"
"ultima lidia la moon","2023-05-12"
"ultima primavera","2020-11-08"
"ultimo cuple","2025-09-06"
"ultimo deseo","2024-11-05"
"ultimos romanticos","2024-11-15"
"ultimo tren al rock n roll","2022-02-18"
"ultimo verano","2016-11-11"
"ulu un latido universal","2017-09-29"
"unblock cuba","2020-10-23"
"unfixing the","2025-11-11"
"unicornios","2023-06-30"
"uno de los nuestros","2017-11-16"
"uno para todos","2020-09-18"
"unzue el ultimo equipo de juancar","2023-05-05"
"u topos la utopia guarani jesuitica","2022-04-12"
"vacances de mara les","2024-09-27"
"val del omar poeta audiovisual","2022-12-19"
"valencia 22 city of design","2024-05-05"
"valenciana","2024-10-18"
"valencia t estime","2024-06-07"
"valentina ausartatxo klown","2019-04-03"
"valhalla cielo de roca","2023-11-09"
"valientes european","2025-02-27"
"valle del concavenator","2023-02-24"
"vaquilla","2020-12-16"
"vaquilla la avalon","2026-02-09"
"vasco","2022-10-06"
"vasil","2022-11-04"
"veintisiete","2018-12-03"
"velazquez el poder y el arte","2022-11-11"
"veneno","2020-09-17"
"ventolera","2024-04-18"
"venus","2022-12-02"
"verano 1993 avalon","2017-06-30"
"verbena de la paloma","2024-06-12"
"vestida de azul","2023-03-10"
"vez mas","2020-10-23"
"viajante","2021-07-02"
"viaje de carla","2021-06-28"
"viaje de unai","2016-09-16"
"viaje hacia nosotros","2021-12-19"
"viaje mas largo","2022-09-28"
"vida de brianeitor la notorious","2023-10-11"
"vida empieza hoy","2024-06-13"
"vida lliure","2018-03-02"
"vida por delante","2021-09-16"
"vida secreta de las palabras la se realiza siguiendo el criterio de semanas cinematograficas","2024-05-07"
"vida y color","2006-01-05"
"vida y nada mas","2017-12-01"
"viejos","2023-03-17"
"viento que nos mueve","2022-09-29"
"viento sur","2023-07-14"
"vientre del mar","2021-11-12"
"vilas y sus dobles phoenix","2022-06-03"
"vino el mundo y nosotros","2020-02-18"
"violetera","2025-09-20"
"viridiana","2023-04-10"
"visitante","2022-02-11"
"vitoria 3 de marzo","2019-05-01"
"viva la vida","2019-05-24"
"viva l opera manon","2020-12-03"
"viva montesa la vida de un sueno","2021-11-16"
"vivir sin pais el exilio rohingya phoenix","2023-01-04"
"voces entertainment","2020-07-24"
"voiceless el genocidio silenciado cosmo","2021-11-13"
"voladura 76","2025-11-12"
"volta 100 anos de ciclismo","2021-03-20"
"volver","2021-10-06"
"volver a la vida","2019-06-21"
"volver a vivir","2025-01-13"
"voyeur","2016-01-28"
"vuelo de la paloma","2018-07-27"
"waldo","2024-11-15"
"walter benjamin el aura del camino","2025-10-23"
"way the","2010-11-19"
"we all play","2024-07-09"
"witch story a","2024-09-30"
"wojtyla la investigacion european","2020-08-14"
"yerma","2017-04-07"
"yerma 2030 la espana vacilada","2023-11-16"
"yoko y sus amigos","2015-11-13"
"yo mate a ralph greene","2021-03-20"
"yo mi mujer y mi mujer muerta","2019-07-26"
"young beautiful","2019-02-11"
"yucatan","2018-08-31"
"yuli entertainment","2018-12-14"
"zalamero","2020-10-22"
"zarata","2023-11-14"
"zauria","2020-02-14"
"zero","2020-10-20"
"zonda folclore argentino","2015-12-18"
"zoo sobreviure a l incendi","2024-11-22"
