titulo,importe_ayuda,presupuesto_proyecto,tipo_ayuda,anio_ayuda
TADEO JONES 4,"1.400.000,00€","12.700.000,00€",generales,2023
BUFFALO KIDS,"1.400.000,00€","12.196.214,00€",generales,2023
SUPERTHINGS RIVALS OF KABOOM,"1.400.000,00€","5.020.000,00€",generales,2023
SOY NEVENKA,"1.200.000,00€","4.600.000,00€",generales,2023
ROMERÍA,"1.200.000,00€","3.192.849,00€",generales,2023
EL CAUTIVO,"1.200.000,00€","9.800.000,00€",generales,2023
SABEN AQUEL QUE DIU....,"1.200.000,00€","4.727.339,07€",generales,2023
CAMPEONEX,"1.200.000,00€","7.650.283,80€",generales,2023
RAQA,"1.200.000,00€","3.187.985,00€",generales,2023
NOSOTROS,"1.200.000,00€","2.410.553,00€",generales,2023
MI AMIGA EVA,"1.200.000,00€","3.649.778,94€",generales,2023
AFTER,"1.200.000,00€","4.920.000,00€",generales,2023
LA SOSPECHA DE SOFÍA,"1.200.000,00€","4.048.640,00€",generales,2023
MENUDAS PIEZAS,"1.200.000,00€","5.000.000,00€",generales,2023
MUGA,"1.200.000,00€","2.400.000,00€",generales,2023
INFERN GLAÇAT,"1.200.000,00€","2.500.000,00€",generales,2023
LOS ÚLTIMOS ROMÁNTICOS,"1.200.000,00€","2.430.866,00€",generales,2023
CAMPAMENTO GARRA DE OSO,"1.200.000,00€","3.200.000,00€",generales,2023
ES EL ENEMIGO?,"1.200.000,00€","3.685.000,00€",generales,2023
AP-6: INFIERNO EN LA AUTOPISTA,"1.200.000,00€","5.602.280,00€",generales,2023
POLÍTICAMENTE INCORRECTOS,"1.200.000,00€","4.836.449,00€",generales,2023
CUERPO ESCOMBRO,"1.200.000,00€","4.160.000,00€",generales,2023
LOS AITAS,"1.200.000,00€","3.229.953,00€",generales,2023
EL SER QUERIDO,"1.200.000,00€","9.063.857,00€",generales,2023
LOS TIGRES DE MOMPRACEM,"1.200.000,00€","8.550.500,00€",generales,2023
PÍDEME LO QUE QUIERAS,"1.200.000,00€","5.229.806,00€",generales,2023
WOLFGANG,"1.200.000,00€","4.350.000,00€",generales,2023
LOS SANTOS INDECENTES,"1.200.000,00€","4.155.943,72€",generales,2023
LA BUENA SUERTE,"1.200.000,00€","2.730.600,00€",generales,2023
LA FIERA,"1.200.000,00€","6.800.000,00€",generales,2023
FRONTERA,"1.200.000,00€","2.878.000,00€",generales,2023
TIERRA DE NADIE,"1.200.000,00€","3.933.614,44€",generales,2023
SIGUE MI VOZ,"1.200.000,00€","4.500.000,00€",generales,2023
MASPALOMAS,"1.200.000,00€","5.000.500,00€",generales,2023
RONDALLAS,"1.200.000,00€","5.025.222,18€",generales,2023
LA INFILTRADA,"1.200.000,00€","5.092.837,45€",generales,2023
GOLPES 1982,"1.200.000,00€","3.450.000,00€",generales,2023
KARATEKA,"1.200.000,00€","3.314.284,00€",generales,2023
MALA INFLUENCIA,"1.200.000,00€","4.733.877,67€",generales,2023
SACAMANTECAS,"1.200.000,00€","5.000.100,00€",generales,2023
SIN INSTRUCCIONES,"1.200.000,00€","2.658.875,00€",generales,2023
MIS HIJOS VALEN ORO,"1.200.000,00€","2.967.720,00€",generales,2023
LOOKING FOR MICHAEL,"1.200.000,00€","3.500.000,00€",generales,2023
LA VENTANA ABIERTA,"1.200.000,00€","2.400.000,00€",generales,2023
LAS IRRESPONSABLES,"1.200.000,00€","2.400.000,00€",generales,2023
LA RODA,"1.200.000,00€","2.500.000,00€",generales,2023
11,"1.200.000,00€","2.457.000,00€",generales,2023
LA PIRATA MO Y EL RUBÍ...,"1.190.000,00€","3.026.380,00€",generales,2023
VERANO EN DICIEMBRE,"1.100.000,00€","2.347.965,70€",generales,2023
LEO & LOU,"1.072.000,00€","2.680.000,00€",generales,2023
EL ÁRBOL Y EL RUISEÑOR,"1.040.000,00€","2.600.000,00€",generales,2023
RUIDO,"598.000,00€","2.000.000,00€",generales,2023
QUINOGRAFIA,"28.500,00€","75.000,00€",selectivas,2023
LEVEL,"35.625,00€","96.937,28€",selectivas,2023
IN MEMORIAM BIEL,"49.400,00€","220.980,64€",selectivas,2023
HOY Y EL RESTO DEL MUNDO,"57.000,00€","227.833,57€",selectivas,2023
AS ESTACIÓNS,"66.500,00€","150.000,00€",selectivas,2023
TRES BALAS,"69.884,41€","147.125,08€",selectivas,2023
DREAMS FOR A BETTER PAST,"71.250,00€","100.000,00€",selectivas,2023
MITOLOGÍA DE BARRIO,"76.000,00€","200.500,00€",selectivas,2023
VELINTONIA 3,"77.900,00€","225.480,40€",selectivas,2023
ELEGÍA DE UNA CIUDAD,"81.225,00€","142.000,00€",selectivas,2023
EQUIPO CRÓNICA. ARTE DE TRINCHERA,"81.636,16€","229.916,00€",selectivas,2023
LA PIETÀ,"85.500,00€","180.000,00€",selectivas,2023
DREAMIN',"91.675,00€","195.500,00€",selectivas,2023
"MARISOL, LLÁMAME PEPA","95.000,00€","200.000,00€",selectivas,2023
LA RESERVA,"98.292,00€","196.584,00€",selectivas,2023
AMÍLCAR,"98.908,30€","208.229,00€",selectivas,2023
LA MISTERIOSA MIRADA DEL FLAMENCO,"99.630,00€","199.260,00€",selectivas,2023
YOU PLAY MY FATHER,"99.819,82€","210.147,00€",selectivas,2023
UNA PELÍCULA DE MIEDO,"104.500,00€","220.000,00€",selectivas,2023
COMO TODO MORTAL,"105.882,88€","139.955,67€",selectivas,2023
LOS RENACIDOS,"109.204,33€","375.000,00€",selectivas,2023
ONLY ON EARTH,"117.878,00€","235.757,00€",selectivas,2023
EL HOMBRE BUENO DE PACHALUM,"123.025,00€","259.900,00€",selectivas,2023
CAMIONERO,"129.469,28€","287.709,52€",selectivas,2023
UN HOMBRE LIBRE,"131.210,20€","300.000,00€",selectivas,2023
LA SINSORGA,"134.570,27€","283.305,85€",selectivas,2023
RETRATO DE UNA CERILLA,"134.900,00€","284.750,00€",selectivas,2023
MIENTRAS SEAS TÚ,"140.000,00€","376.000,00€",selectivas,2023
EL GUARDIAN,"146.300,00€","308.515,00€",selectivas,2023
LAS QUE SE ATREVIERON,"147.250,00€","321.041,00€",selectivas,2023
REINAS,"150.000,00€","600.539,00€",selectivas,2023
CUANDO SE GIRAN LAS SOMBRAS,"159.600,00€","336.497,30€",selectivas,2023
ESTE CUERPO MÍO,"168.472,80€","374.384,00€",selectivas,2023
QUI SOM,"171.640,00€","343.280,00€",selectivas,2023
LAS CHICAS ESTÁN BIEN,"172.425,00€","363.000,00€",selectivas,2023
MUCHA MIERDA,"175.750,00€","344.766,00€",selectivas,2023
LES CULPABLES,"190.006,65€","400.014,00€",selectivas,2023
EL DESHIELO,"199.679,90€","285.257,00€",selectivas,2023
"PACO RABANNE, UNA VIDA...","201.819,90€","424.884,00€",selectivas,2023
LA HABITACION BLANCA,"212.664,00€","425.328,00€",selectivas,2023
THE SLEEPER,"228.000,00€","480.165,00€",selectivas,2023
ASÍ LLEGÓ LA NOCHE,"250.000,00€","785.577,09€",selectivas,2023
PEQUEÑOS CALVARIOS,"280.250,00€","834.341,87€",selectivas,2023
EL PUMA,"285.000,00€","572.112,00€",selectivas,2023
JULIA,"300.000,00€","1.000.000,00€",selectivas,2023
OFELIA,"300.000,00€","462.462,00€",selectivas,2023
BAJO EL MISMO SOL,"300.000,00€","500.000,00€",selectivas,2023
BAILAR LA MUERTE,"314.828,76€","662.797,40€",selectivas,2023
SYNTONY,"351.500,00€","798.000,00€",selectivas,2023
VOLVERÉIS,"365.750,00€","550.000,00€",selectivas,2023
LA VOZ QUEBRADA,"495.000,00€","990.250,00€",selectivas,2023
TRALOVENTO,"505.935,80€","1.065.129,00€",selectivas,2023
LA NADADORA,"527.250,00€","1.430.462,31€",selectivas,2023
"MANTIS, LAS","560.370,00€","1.120.740,39€",selectivas,2023
LIONEL,"583.228,75€","1.227.850,00€",selectivas,2023
CIUDAD SIN SUEÑO,"600.000,00€","1.200.000,00€",selectivas,2023
SINGULAR,"628.397,33€","1.653.677,20€",selectivas,2023
GEL/HIELO/GLATSCH,"646.000,00€","1.367.530,44€",selectivas,2023
LA GANG,"700.000,00€","1.400.000,00€",selectivas,2023
MÁS BARATO QUE ROBAR,"711.550,00€","1.499.292,00€",selectivas,2023
BAJO RISCO,"750.000,00€","1.500.000,00€",selectivas,2023
HARTA,"750.000,00€","1.700.000,00€",selectivas,2023
TRES NOCHES NEGRAS,"750.000,00€","1.500.000,00€",selectivas,2023
ESTRANY RIU,"755.000,00€","1.670.000,00€",selectivas,2023
"KORRI, KURU, KORRI!","760.000,00€","1.800.600,00€",selectivas,2023
A LA CARA,"760.000,00€","2.000.164,00€",selectivas,2023
DESECHABLE,"760.000,00€","1.653.100,00€",selectivas,2023
ENTRE LA PEDRA I EL MARTELL,"760.000,00€","1.760.000,00€",selectivas,2023
TODO LO QUE NO SÉ,"760.000,00€","1.645.000,00€",selectivas,2023
EL EXTERIOR,"760.000,00€","1.517.000,00€",selectivas,2023
LA PEÑA,"766.031,00€","1.915.077,83€",selectivas,2023
MUY LEJOS (ZO VER WEG),"783.735,81€","1.800.000,00€",selectivas,2023
FORASTERA,"800.000,00€","1.679.481,00€",selectivas,2023
EL DIA QUE EWAN MC.GREGOR...,"800.000,00€","2.084.000,00€",selectivas,2023
SALEN LAS LOBAS,"800.000,00€","1.646.576,00€",selectivas,2023
EACH OF US,"800.000,00€","2.915.000,00€",selectivas,2023
LA DEUDA,"800.000,00€","2.822.393,04€",selectivas,2023
DECORADO,"800.000,00€","2.617.200,00€",selectivas,2023
SORDA,"800.000,00€","2.098.677,00€",selectivas,2023
ANEKUMEN,"800.000,00€","2.008.470,00€",selectivas,2023
YO NO MORIRE DE AMOR,"800.000,00€","1.822.681,00€",selectivas,2023
L'HOME DELS NASSOS,"9.403,00€","1.325.755,00€",generales,2022
LA NOVIA AMERICANA,"500.000,00€","1.332.577,00€",generales,2022
ASTRONAUTA,"800.000,00€","2.000.000,00€",generales,2022
CON LOS AÑOS QUE ME QUEDAN,"882.593,60€","2.206.484,00€",generales,2022
LA TERNURA,"900.000,00€","4.185.545,00€",generales,2022
UNA CASA EN FLAMES,"900.000,00€","2.700.001,00€",generales,2022
SUPER BERNARD,"900.000,00€","2.700.000,00€",generales,2022
LOS BUENOS MODALES,"900.000,00€","2.076.140,00€",generales,2022
SUBSUELO,"939.108,00€","2.347.770,00€",generales,2022
LA PEOR PERSONA DEL MUNDO,"967.412,00€","2.418.530,00€",generales,2022
NO HABERLOS TENIDO,"1.000.000,00€","4.000.000,00€",generales,2022
MARCO: LA VERDAD INVENTADA,"1.000.000,00€","3.850.000,00€",generales,2022
AL OTRO BARRIO,"1.000.000,00€","3.800.000,00€",generales,2022
ODIO EL VERANO,"1.000.000,00€","3.800.000,00€",generales,2022
LA LLUM DE L'AISHA,"1.000.000,00€","3.738.420,00€",generales,2022
LA NIÑA DE LA COMUNIÓN,"1.000.000,00€","3.632.216,00€",generales,2022
LA NAVIDAD EN SUS MANOS,"1.000.000,00€","3.599.535,00€",generales,2022
YO NO SOY ESA,"1.000.000,00€","3.499.697,00€",generales,2022
EL CORREO BELGA,"1.000.000,00€","3.440.000,00€",generales,2022
DINOGAMES,"1.000.000,00€","3.369.664,00€",generales,2022
EN LOS MÁRGENES,"1.000.000,00€","3.244.000,00€",generales,2022
CERRAR LOS OJOS,"1.000.000,00€","3.150.000,00€",generales,2022
42'',"1.000.000,00€","3.115.000,00€",generales,2022
MARISOL,"1.000.000,00€","3.050.000,00€",generales,2022
EL BUS DE LA VIDA,"1.000.000,00€","3.000.000,00€",generales,2022
UN MAL DÍA LO TIENE CUALQUIERA,"1.000.000,00€","2.995.520,00€",generales,2022
ME HE HECHO VIRAL,"1.000.000,00€","2.953.318,00€",generales,2022
MI SOLEDAD TIENE ALAS,"1.000.000,00€","2.924.000,00€",generales,2022
LA ABADESA,"1.000.000,00€","2.893.872,00€",generales,2022
HAMBURGO,"1.000.000,00€","2.880.000,00€",generales,2022
NORBERT(A),"1.000.000,00€","2.839.023,00€",generales,2022
VERANO EN ROJO,"1.000.000,00€","2.796.515,00€",generales,2022
PERSIGUIENDO A COQUE,"1.000.000,00€","2.794.717,00€",generales,2022
EL LLANTO,"1.000.000,00€","2.660.331,00€",generales,2022
ANATEMA,"1.000.000,00€","2.624.761,00€",generales,2022
TU MADRE O LA MIA,"1.000.000,00€","2.616.137,00€",generales,2022
JUSTICIA ARTIFICIAL,"1.000.000,00€","2.520.052,00€",generales,2022
EL HOTEL DE LOS LIOS,"1.000.000,00€","2.512.888,00€",generales,2022
EL AMOR DE ANDREA,"1.000.000,00€","2.503.815,00€",generales,2022
4 DIAS ÁNTES DE NAVIDAD,"1.000.000,00€","2.500.050,00€",generales,2022
EL RASTRO DEL LOBO,"1.000.000,00€","2.500.000,00€",generales,2022
TRAS EL VERANO,"1.000.000,00€","2.443.047,00€",generales,2022
FUN AMOR,"1.000.000,00€","2.285.186,00€",generales,2022
LOS TORTUGA,"1.000.000,00€","2.100.000,00€",generales,2022
LA BUENA LETRA,"1.000.000,00€","2.050.231,00€",generales,2022
UN CORAZÓN DEMASIADO GRANDE,"1.000.000,00€","2.048.722,00€",generales,2022
TERESA,"1.000.000,00€","2.005.923,00€",generales,2022
LAS CHICAS DE LA ESTACIÓN...,"1.000.000,00€","2.000.000,00€",generales,2022
RITA,"1.000.000,00€","2.000.000,00€",generales,2022
UNA LUZ AL MEDIODIA,"1.000.000,00€","2.000.000,00€",generales,2022
LOCOMMIA,"1.200.000,00€","6.100.000,00€",generales,2022
VALLE DE SOMBRAS,"1.200.000,00€","6.043.960,00€",generales,2022
REYES VS SANTA,"1.200.000,00€","5.815.670,00€",generales,2022
UN REGALO PARA ANE,"1.200.000,00€","5.632.751,00€",generales,2022
LA GRIPE RICA / RICH FLU,"1.260.000,00€","10.000.000,00€",generales,2022
"CASA BLOC, REHABILITACIÓN DE UNA IDEA","29.275,64€","103.200,00€",selectivas,2022
DOMINGO DOMINGO,"42.500,00€","171.106,33€",selectivas,2022
RETAGUARDIA,"54.302,50€","108.605,00€",selectivas,2022
CUERPO Y CIUDAD,"54.612,50€","128.500,00€",selectivas,2022
SATURNO,"55.016,25€","129.450,00€",selectivas,2022
LA HORA DE LAS TORTUGAS,"66.002,92€","155.313,00€",selectivas,2022
ALEMANIA,"72.861,15€","171.438,00€",selectivas,2022
SIETE JERELES,"96.581,25€","203.175,00€",selectivas,2022
J.A.B BARDEM,"97.750,00€","230.000,00€",selectivas,2022
SER PERMANENTE,"103.250,00€","135.000,00€",selectivas,2022
EL TECHO AMARILLO,"107.125,00€","325.758,91€",selectivas,2022
UN ARBRE ÉS UN ARBRE,"107.318,40€","153.312,00€",selectivas,2022
"DOHA, THE RISING SUN","109.650,00€","258.246,44€",selectivas,2022
RECUERDO TU NOMBRE,"118.150,00€","348.480,00€",selectivas,2022
LA CIENTÍFICA Y EL PASTOR,"119.000,00€","368.701,48€",selectivas,2022
TODO ES CÁRCEL,"119.000,00€","315.550,00€",selectivas,2022
POR QUE NO ESCRIBO NADA,"123.250,00€","340.750,00€",selectivas,2022
CÓDIGO MARCOS,"123.250,00€","290.578,00€",selectivas,2022
SLOW,"124.583,99€","293.138,82€",selectivas,2022
DECONSTRUYENDO ANDRÉ MALBY,"127.500,00€","320.000,00€",selectivas,2022
MIRALLES,"128.647,50€","381.612,00€",selectivas,2022
OLE MI COÑO: DIARIO DE MI EXTORSIÓN,"140.250,00€","330.882,00€",selectivas,2022
LA ANATOMÍA DE LOS CABALLOS,"147.200,00€","294.400,00€",selectivas,2022
LOS CANTOS DE PITI LAUDIO,"152.290,00€","190.840,00€",selectivas,2022
MORLAIX,"153.000,00€","686.349,00€",selectivas,2022
LA PARTITURA DEL COSMOS,"153.000,00€","361.320,00€",selectivas,2022
LA MARSELLESA DE LOS BORRACHOS,"157.250,00€","247.455,00€",selectivas,2022
LA NOCHE DE LA INFANCIA,"177.650,00€","418.176,00€",selectivas,2022
LA VIRGEN DE LA TOSQUERA,"181.000,00€","259.181,00€",selectivas,2022
APUNTES PARA UNA FICCIÓN CONSENTIDA,"199.889,14€","470.354,19€",selectivas,2022
PAPAGAYO,"221.637,50€","521.500,00€",selectivas,2022
LA LLEGADA DEL HIJO,"231.649,79€","545.058,33€",selectivas,2022
"BEATRIZ, LA MUJER QUIROGA","300.000,00€","800.000,00€",selectivas,2022
SAN SIMON,"378.250,00€","894.000,00€",selectivas,2022
LEJOS DE LOS ÁRBOLES,"388.552,00€","893.425,00€",selectivas,2022
ANOCHE CONQUISTÉ TEBAS,"395.354,00€","790.708,00€",selectivas,2022
BALEARIC,"420.000,00€","842.044,00€",selectivas,2022
LA TIERRA NEGRA,"446.250,00€","1.064.079,00€",selectivas,2022
LA FURIA,"573.725,00€","1.147.450,00€",selectivas,2022
AS NEVES,"605.784,80€","1.425.376,14€",selectivas,2022
LA CASA,"637.500,00€","1.500.000,00€",selectivas,2022
LA DONA INVISIBLE,"658.750,00€","1.559.000,00€",selectivas,2022
BODEGÓN CON FANTASMAS,"675.000,00€","1.350.000,00€",selectivas,2022
LAS MADRES NO,"680.000,00€","2.700.000,00€",selectivas,2022
NOCHES DE DUENDE Y LUNA,"680.000,00€","2.465.632,61€",selectivas,2022
CHICA Y LOBO,"680.000,00€","2.400.000,00€",selectivas,2022
DESMONTANDO UN ELEFANTE,"709.133,00€","1.418.266,00€",selectivas,2022
HERMANAS,"750.000,00€","2.231.844,00€",selectivas,2022
LA LUCHA,"750.000,00€","1.500.000,00€",selectivas,2022
LA NIÑA DE LA CABRA,"774.365,81€","1.548.731,62€",selectivas,2022
DANIELA FOREVER,"800.000,00€","3.140.000,00€",selectivas,2022
EL TESORO DE BARRACUDA,"800.000,00€","3.086.927,00€",selectivas,2022
DÍA DE CAZA,"800.000,00€","2.000.000,00€",selectivas,2022
LA CASA LLENA,"800.000,00€","1.836.000,00€",selectivas,2022
LA QUINTA DE LOS ALMENDROS BLANCOS,"800.000,00€","1.751.170,00€",selectivas,2022
LA MITAD DE ANA,"800.000,00€","1.732.000,00€",selectivas,2022
POR DONDE PASA EL SILENCIO,"800.000,00€","1.278.380,30€",selectivas,2022
OLIVIA Y EL TERREMOTO INVISIBLE,"800.000,00€","2.700.000,00€",selectivas,2021
ROCK BOTTOM,"800.000,00€","2.500.000,00€",selectivas,2021
CREATURA,"800.000,00€","1.725.000,00€",selectivas,2021
LA CONSAGRACIÓN DE LA PRIMAVERA,"744.922,00€","1.489.844,00€",selectivas,2021
LOS ERIZOS,"700.000,00€","1.750.000,00€",selectivas,2021
POLVO SERAN,"680.000,00€","2.500.000,00€",selectivas,2021
UNA BALLENA,"680.000,00€","2.500.000,00€",selectivas,2021
NINA,"680.000,00€","2.062.829,00€",selectivas,2021
20.000 ESPECIES DE ABEJAS,"680.000,00€","1.700.000,00€",selectivas,2021
GOLEM,"636.388,14€","2.268.432,56€",selectivas,2021
ELS ENCANTATS,"631.125,00€","1.485.000,00€",selectivas,2021
ALUMBRAMIENTO,"596.224,00€","1.807.516,12€",selectivas,2021
O CORPO ABERTO,"595.000,00€","1.000.000,00€",selectivas,2021
REFUGIADAS CLIMÁTICAS,"586.500,00€","2.457.720,00€",selectivas,2021
REESCRITURA,"493.610,00€","1.234.025,00€",selectivas,2021
LO QUE QUEDA DE TI,"476.629,00€","1.231.850,00€",selectivas,2021
O CORNO DO CENTEO,"350.000,00€","1.000.000,00€",selectivas,2021
VIAJE A ALGUNA PARTE,"318.754,67€","750.011,00€",selectivas,2021
UNICORNIOS,"300.024,60€","1.276.031,00€",selectivas,2021
"OSWALD, OPERACIÓN ARTISTA","255.000,00€","600.000,00€",selectivas,2021
CHARLIE CHAPLIN...,"250.000,00€","1.267.804,00€",selectivas,2021
LA HISTORIA OLVIDADA,"244.800,00€","1.492.000,00€",selectivas,2021
MANANTIAL,"225.000,00€","563.000,00€",selectivas,2021
"RECUERDOS, SALUDOS...","176.000,00€","232.536,00€",selectivas,2021
LA REVOLUCIÓN DE LAS MUSAS,"171.541,05€","288.305,00€",selectivas,2021
KRAKATOA,"163.200,00€","300.000,00€",selectivas,2021
BAYO BAYO BABY,"150.450,00€","497.625,00€",selectivas,2021
ÁNGEL,"140.236,40€","332.534,00€",selectivas,2021
TRINI,"124.312,50€","292.500,00€",selectivas,2021
ELENA DIO A LUZ UN NIÑO,"123.797,40€","359.610,00€",selectivas,2021
LA ANATOMÍA DE LOS CABALLOS,"123.420,00€","726.000,00€",selectivas,2021
LOS CABALLOS,"116.375,00€","145.500,00€",selectivas,2021
OLVIDATE DEL CINE,"114.952,30€","270.476,00€",selectivas,2021
EL AGUA,"111.500,00€","2.335.167,00€",selectivas,2021
RIQUENI,"105.967,80€","249.336,00€",selectivas,2021
HIJA DEL VOLCÁN,"104.308,17€","328.456,00€",selectivas,2021
EJERCICIOS PARA VER A DIOS,"100.459,80€","281.400,00€",selectivas,2021
YO TENÍA UNA VIDA,"94.312,88€","242.000,00€",selectivas,2021
LUMINOSO ESPACIO SALVAJE,"83.362,05€","400.300,00€",selectivas,2021
LAS HIJAS DEL FUEGO 2...,"80.430,85€","652.583,00€",selectivas,2021
SUGAR ISLAND,"80.043,89€","500.000,00€",selectivas,2021
PEPI FANDANGO,"76.500,00€","203.660,00€",selectivas,2021
ALTERITATS (OTREDADES),"58.265,00€","235.268,00€",selectivas,2021
SEDIMENTOS,"55.462,50€","130.547,00€",selectivas,2021
ESTADOS GENERALES,"51.000,00€","200.000,00€",selectivas,2021
TETUÁN,"45.900,00€","180.097,08€",selectivas,2021
SEMILLAS,"24.225,00€","279.099,91€",selectivas,2021
LIVE IS LIFE,"604.999,50€","5.139.990,00€",generales,2021
KEPLER SEXTO B,"650.354,00€","1.500.000,00€",generales,2021
"DOÑANA, RESERVA SALVAJE DE EUROPA","674.711,00€","1.349.423,00€",generales,2021
SIN TI NO PUEDO,"869.935,50€","1.739.871,00€",generales,2021
AS BESTAS,"1.000.000,00€","3.488.882,00€",generales,2021
CERDITA,"1.000.000,00€","2.406.938,00€",generales,2021
EL CUCO,"1.000.000,00€","2.757.021,00€",generales,2021
CUIDADO CON LO QUE DESEAS,"1.000.000,00€","3.175.469,00€",generales,2021
CHINAS,"1.000.000,00€","2.000.000,00€",generales,2021
3000 OBSTACULOS,"1.000.000,00€","2.845.366,00€",generales,2021
TE ESTOY AMANDO LOCAMENTE,"1.000.000,00€","2.750.000,00€",generales,2021
LO QUE NUNCA TE DIJE,"1.000.000,00€","2.680.624,00€",generales,2021
EL NO CUMPLEAÑOS DE AVA,"1.000.000,00€","2.400.000,00€",generales,2021
LLENOS DE GRACIA,"1.000.000,00€","3.059.014,00€",generales,2021
PÁJAROS,"1.000.000,00€","2.525.387,00€",generales,2021
EL MAESTRO QUE PROMETIÓ EL MAR,"1.000.000,00€","2.106.226,00€",generales,2021
ASEDIO,"1.000.000,00€","2.537.639,00€",generales,2021
ALIMAÑAS,"1.000.000,00€","2.661.000,00€",generales,2021
VENUS,"1.000.000,00€","3.501.206,00€",generales,2021
ESPEJO ESPEJO,"1.000.000,00€","2.960.000,00€",generales,2021
MAMACRUZ,"1.000.000,00€","2.000.000,00€",generales,2021
DESDE LA SOMBRA,"1.000.000,00€","2.995.165,00€",generales,2021
EL FAVOR,"1.000.000,00€","3.396.027,00€",generales,2021
EL UNIVERSO DE OLIVER,"1.000.000,00€","2.532.884,00€",generales,2021
EL SALTO,"1.000.000,00€","3.420.930,00€",generales,2021
HAUNTED HEART,"1.000.000,00€","4.730.494,00€",generales,2021
LA MANZANA DE ORO,"1.000.000,00€","2.687.828,00€",generales,2021
LOS PEQUEÑOS AMORES,"1.000.000,00€","2.000.000,00€",generales,2021
FATUM,"1.000.000,00€","3.002.164,00€",generales,2021
SEGUNDO PREMIO,"1.000.000,00€","2.909.904,00€",generales,2021
TODOS LOS NOMBRES DE DIOS,"1.000.000,00€","4.038.493,00€",generales,2021
COMO DIOS MANDA,"1.000.000,00€","3.897.636,00€",generales,2021
LA MUJER DORMIDA,"1.000.000,00€","2.001.550,00€",generales,2021
UN PASADO POR DELANTE,"1.000.000,00€","2.592.164,00€",generales,2021
"GUS, EL PERRO GUÍA","1.000.000,00€","2.583.000,00€",generales,2021
EN LA FRONTERA,"1.000.000,00€","2.700.000,00€",generales,2021
MONSTRUOSA MIA,"1.000.000,00€","3.093.568,00€",generales,2021
MODELO 77,"1.400.000,00€","6.102.339,00€",generales,2021
VOY A PASARMELO BIEN,"1.400.000,00€","5.372.713,00€",generales,2021
EL BUEN PATRON,"1.400.000,00€","5.359.921,00€",generales,2021
A TODO TREN 2,"1.400.000,00€","5.048.924,00€",generales,2021
PADRE NO HAY MÁS QUE UNO 3,"1.400.000,00€","5.322.692,00€",generales,2021
MARI2,"1.400.000,00€","5.100.000,00€",generales,2021
CASI FAMILIA,"1.400.000,00€","5.500.000,00€",generales,2021
A SMARTPHONE STORY,"1.400.000,00€","5.600.000,00€",generales,2021
VALENTINA,"552.000,00€","2.100.000,00€",selectivas,2020
UNICORN WARS,"784.000,00€","2.800.000,00€",selectivas,2020
QUE NADIE DUERMA,"602.491,90€","2.151.756,79€",selectivas,2020
LIBERTAD,"134.400,00€","2.105.772,00€",selectivas,2020
EL AGUA,"340.000,00€","2.113.626,00€",selectivas,2020
MATAR CANGREJOS,"261.800,00€","623.630,00€",selectivas,2020
LA PIEDAD,"333.200,00€","833.000,00€",selectivas,2020
LAS CONSECUENCIAS,"108.800,00€","1.481.560,00€",selectivas,2020
DOS ESTACIONES,"104.720,00€","261.800,00€",selectivas,2020
PACIFICUTION,"210.800,00€","2.105.811,00€",selectivas,2020
TRAS EL VERANO,"200.000,00€","1.834.484,00€",selectivas,2020
100 DÍAS CON LA TATA,"212.500,00€","500.000,00€",selectivas,2020
ESPIRITU SAGRADO,"231.111,84€","811.234,44€",selectivas,2020
TRES,"115.600,00€","1.558.172,00€",selectivas,2020
SICA,"440.000,00€","1.100.000,00€",selectivas,2020
ON THE GO,"150.000,00€","417.653,00€",selectivas,2020
EL RADIOAFICIONADO,"102.000,00€","255.000,00€",selectivas,2020
EL SUSTITUTO,"300.000,00€","2.610.158,00€",selectivas,2020
EL CRÍTICO,"119.000,00€","280.000,00€",selectivas,2020
¿QUÉ HICIMOS MAL?,"126.310,00€","585.000,00€",selectivas,2020
PICO REJA,"76.500,00€","180.000,00€",selectivas,2020
LA FLOTA DE INDIAS,"150.450,00€","354.000,00€",selectivas,2020
OTRA FORMA DE ENTENDER LA VIDA,"127.500,00€","300.000,00€",selectivas,2020
MAGALUF GHOST TOWN,"97.410,00€","338.000,00€",selectivas,2020
CALLEJONES,"114.750,00€","270.000,00€",selectivas,2020
EL RETORNO: LA VIDA DESPUÉS DEL ISIS,"127.500,00€","450.000,00€",selectivas,2020
KAREN,"125.105,75€","294.366,48€",selectivas,2020
"GOYA, EL OJO QUE ESCUCHA","136.000,00€","843.513,00€",selectivas,2020
CANTANDO EN LAS AZOTEAS,"127.500,00€","300.000,00€",selectivas,2020
EL TECHO AMARILLO,"102.000,00€","315.000,00€",selectivas,2020
DEUX,"110.500,00€","260.000,00€",selectivas,2020
LAS CARTAS PERDIDAS,"141.011,25€","331.791,20€",selectivas,2020
EL AGUA,"111.350,00€","262.000,00€",selectivas,2020
EL SEMBRADOR DE ESTRELLAS,"21.250,00€","50.000,00€",selectivas,2020
MUESTRA DE CINE ASTURIANO,"123.250,00€","290.000,00€",selectivas,2020
TRÁNSITO,"148.750,00€","350.000,00€",selectivas,2020
LA MAMI,"55.437,50€","150.000,00€",selectivas,2020
LOS CABALLOS,"212.500,00€","500.000,00€",selectivas,2020
LAS CARTAS DE MI PADRE,"119.000,00€","280.000,00€",selectivas,2020
UN CIELO IMPERFECTO,"720.000,00€","1.800.000,00€",selectivas,2020
EL VIAJE,"456.000,00€","1.140.000,00€",selectivas,2020
ASEDIO,"109.720,93€","3.000.173,92€",generales,2020
GIRASOLES SILVESTRES,"900.000,00€","2.725.000,00€",generales,2020
LA MANIOBRA DE LA TORTUGA,"927.669,87€","2.550.887,08€",generales,2020
LOS HÉROES DEL BARRIO,"1.000.000,00€","2.043.000,00€",generales,2020
OBJETOS,"1.120.000,00€","3.400.000,00€",generales,2020
POLIAMOR PARA PRINCIPIANTES,"1.142.609,20€","3.123.915,00€",generales,2020
21 PRISIONERAS,"1.200.000,00€","3.426.000,00€",generales,2020
A TODO TREN,"1.200.000,00€","4.531.044,66€",generales,2020
ALEGRIA,"1.200.000,00€","3.000.000,00€",generales,2020
"CAMERA CAFÉ, LA PELÍCULA","1.200.000,00€","4.017.564,00€",generales,2020
DE CAPERUCITA A LOBA EN SOLO SEIS TÍOS,"1.200.000,00€","2.560.000,00€",generales,2020
DE PERDIDOS A RÍO,"1.200.000,00€","3.426.497,00€",generales,2020
DRAGONKEEPER,"1.200.000,00€","20.000.000,00€",generales,2020
EL COMENSAL,"1.200.000,00€","2.802.186,00€",generales,2020
EL CUARTO PASAJERO,"1.200.000,00€","5.000.000,00€",generales,2020
EL FARO,"1.200.000,00€","3.125.000,00€",generales,2020
EL REFUGIO,"1.200.000,00€","2.711.378,00€",generales,2020
EL VIAJE DE HAMIDA Y VUELTA,"1.200.000,00€","5.000.000,00€",generales,2020
HISTORIAS PARA NO CONTAR,"1.200.000,00€","3.257.486,34€",generales,2020
IDIOTIZADAS,"1.200.000,00€","3.585.865,00€",generales,2020
IRATI,"1.200.000,00€","5.200.000,00€",generales,2020
LA CASA ENTRE LOS CACTUS,"1.200.000,00€","2.510.912,00€",generales,2020
LA VIDA PADRE,"1.200.000,00€","3.257.500,00€",generales,2020
LAS LEYES DE LA FRONTERA,"1.200.000,00€","6.465.880,55€",generales,2020
LOBO FEROZ,"1.200.000,00€","3.912.500,00€",generales,2020
MADRES PARALELAS,"1.200.000,00€","11.016.769,00€",generales,2020
MAIXABEL,"1.200.000,00€","3.400.000,48€",generales,2020
MAMA ESTA EN TINDER,"1.200.000,00€","3.012.050,00€",generales,2020
MOOMIOS,"1.200.000,00€","11.591.968,00€",generales,2020
PROYECTO EMPERADOR,"1.200.000,00€","3.900.000,00€",generales,2020
ROBOT DREAMS,"1.200.000,00€","5.162.500,00€",generales,2020
TADEO JONES 3,"1.200.000,00€","11.030.000,00€",generales,2020
TIN Y TINA,"1.200.000,00€","3.750.000,00€",generales,2020
"UN AÑO, UNA NOCHE","1.200.000,00€","6.055.414,00€",generales,2020
UN NOVIO PARA MI MUJER,"1.200.000,00€","3.400.000,00€",generales,2020
TZARINA,"63.854,82€","150.246,64€",selectivas,2019
POSESO II,"340.000,00€","800.000,00€",selectivas,2019
EL SALTO,"238.000,00€","560.000,00€",selectivas,2019
ESPÍRITU SAGRADO,"240.000,00€","600.000,00€",selectivas,2019
COSTA BRAVA LEBANON,"200.000,00€","1.100.000,00€",selectivas,2019
EL AGUA,"340.000,00€","800.000,00€",selectivas,2019
LA CHICA NUEVA,"82.500,00€","200.000,00€",selectivas,2019
DUO,"119.000,00€","280.000,00€",selectivas,2019
LA VOLUNTAD,"127.500,00€","300.000,00€",selectivas,2019
UN CIELO IMPERFECTO,"340.000,00€","800.000,00€",selectivas,2019
ANNA,"155.125,00€","365.000,00€",selectivas,2019
MATAR CANGREJOS,"225.000,00€","562.500,00€",selectivas,2019
LAS CONSECUENCIAS,"115.000,00€","1.481.560,00€",selectivas,2019
RAMONA,"148.750,00€","350.000,00€",selectivas,2019
UN PERSONAJE EN UN SOLO DÍA,"127.500,00€","300.000,00€",selectivas,2019
NOSOTROS NO NOS MATAREMOS CON PISTOLAS,"123.250,00€","290.000,00€",selectivas,2019
TRES,"115.600,00€","1.558.172,00€",selectivas,2019
EL PLANETA,"119.000,00€","280.000,00€",selectivas,2019
EL FUTURO,"72.250,00€","170.000,00€",selectivas,2019
CARTAS VIVAS,"127.500,00€","300.000,00€",selectivas,2019
"CAMINO A LA ESCUELA, EL DOCUMENTAL","150.000,00€","352.942,00€",selectivas,2019
¿QUÉ HICIMOS MAL?,"150.000,00€","585.000,00€",selectivas,2019
LOS OJOS DE LA GUERRA,"110.000,00€","275.000,00€",selectivas,2019
APRENDER A VIVIR,"100.000,00€","250.000,00€",selectivas,2019
EL RETORNO: LA VIDA DESPUÉS DEL ISIS,"127.500,00€","450.000,00€",selectivas,2019
"GOYA, EL OJO QUE ESCUCHA","140.000,00€","843.513,00€",selectivas,2019
PICO REJA,"76.500,00€","180.000,00€",selectivas,2019
UN HOMBRE LIBRE,"127.500,00€","300.000,00€",selectivas,2019
LA FLOTA DE INDIAS,"150.450,00€","354.000,00€",selectivas,2019
OTRA FORMA DE ENTENDER LA VIDA,"127.500,00€","300.000,00€",selectivas,2019
MAGALUF GHOST TOWN,"127.500,00€","338.000,00€",selectivas,2019
CALLEJONES,"114.750,00€","270.000,00€",selectivas,2019
EL SEMBRADOR DE ESTRELLAS,"21.250,00€","50.000,00€",selectivas,2019
LA MAMI,"100.000,00€","150.000,00€",selectivas,2019
TRÁNSITO,"148.750,00€","350.000,00€",selectivas,2019
LOS CABALLOS,"212.500,00€","500.000,00€",selectivas,2019
LAS CARTAS DE MI PADRE,"119.000,00€","280.000,00€",selectivas,2019
EL VIAJE,"456.000,00€","1.140.000,00€",selectivas,2019
UN CIELO IMPERFECTO,"720.000,00€","1.800.000,00€",selectivas,2019
LULLABY,"340.000,00€","800.000,00€",selectivas,2019
MANANTIAL,"340.000,00€","800.000,00€",selectivas,2019
EL AMOR DE ANDREA,"340.000,00€","800.000,00€",selectivas,2019
EL TELÉFONO DE LOS RECUERDOS,"340.000,00€","800.000,00€",selectivas,2019
BAJOCERO,1.000.000€,"3.906.358,00€",generales,2019
DONDE CABEN DOS,1.000.000€,"3.887.414,00€",generales,2019
EL COVER,1.000.000€,"3.000.000,00€",generales,2019
EL SUSTITUTO,1.000.000€,"2.827.315,00€",generales,2019
EL VERANO QUE VIVIMOS,1.000.000€,"6.708.731,00€",generales,2019
ÉRASE UNA VEZ...EUSKADI,1.000.000€,"3.117.500,00€",generales,2019
EXPLOTA MI CORAZON,1.000.000€,"2.894.976,00€",generales,2019
GARCÍA Y GARCÍA,1.000.000€,"3.050.000,00€",generales,2019
HISTORIAS LAMENTABLES,1.000.000€,"5.756.475,00€",generales,2019
INSPECTOR SUN Y LA MALDICIÓN...,1.000.000€,"4.000.000,00€",generales,2019
INTERRAIL,1.000.000€,"2.996.428,19€",generales,2019
LA ABUELA,1.000.000€,"3.500.000,00€",generales,2019
LA BODA DE ROSA,1.000.000€,"2.652.000,00€",generales,2019
LA CASA 15-16,1.000.000€,"2.639.445,00€",generales,2019
LA CASA DEL CARACOL,1.000.000€,"2.557.572,34€",generales,2019
LA CONTADORA DE PELICULAS,1.000.000€,"3.051.443,10€",generales,2019
LA HIJA,1.000.000€,"2.520.778,39€",generales,2019
LA MUJER PERFECTA,1.000.000€,"3.500.000,00€",generales,2019
MALASAÑA 32,1.000.000€,"3.024.284,50€",generales,2019
MALNAZIDOS,1.000.000€,"6.500.000,00€",generales,2019
MEDITERRANEO,1.000.000€,"4.050.000,00€",generales,2019
NIEVA EN BENIDORM,1.000.000€,"4.248.277,00€",generales,2019
OFRENDA A LA TORMENTA,1.000.000€,"5.300.000,00€",generales,2019
OPERACIÓN CAMARÓN,1.000.000€,"4.100.000,00€",generales,2019
PADRE NO HAY MÁS QUE UNO 2,1.000.000€,"3.989.582,00€",generales,2019
PAN DE LIMÓN CON SEMILLAS...,1.000.000€,"3.184.479,00€",generales,2019
SENTIMENTAL,1.000.000€,"2.956.209,32€",generales,2019
THEY SHOT THE PIANO PLAYER,1.000.000€,"3.662.039,00€",generales,2019
TODAS LAS LUNAS,1.000.000€,"3.500.000,00€",generales,2019
VENECIAFRENIA,1.000.000€,"3.450.027,75€",generales,2019
VOCES,1.000.000€,"2.520.000,00€",generales,2019
WAY DOWN,1.000.000€,"14.025.598,00€",generales,2019
LA PIEL DEL TAMBOR,975.847€,"2.439.618,00€",generales,2019
EVOLUTION,850.000€,"3.600.000,00€",generales,2019
DEHESA: EL BOSQUE DEL LINCE...,630.138€,"1.575.344,00€",generales,2019
SEVILLANAS EN BROOKLYN,544.015€,"2.658.558,00€",generales,2019
2ND JUDICIAL COURT,"72.549,18€","226.716,20€",selectivas,2018
A MEDIA VOZ,"20.400,00€","154.713,45€",selectivas,2018
AQUILO QUE ARDE,"103.654,10€","755.000,00€",selectivas,2018
BELLA,"425.000,00€","1.400.000,00€",selectivas,2018
DIVISION DE HONOR,"64.000,00€","200.000,00€",selectivas,2018
EL AZUL BAJO SUS PIES,"50.997,92€","149.993,88€",selectivas,2018
EL EMBRUJO DE QUIJAT,"80.000,00€","250.000,00€",selectivas,2018
EL NIÑO DE FUEGO,"24.640,00€","110.000,00€",selectivas,2018
EL PLAN,"283.644,00€","886.389,00€",selectivas,2018
EL SANTA ISABEL,"400.000,00€","1.488.550,00€",selectivas,2018
EL ÚLTIMO ARQUERO,"42.000,00€","305.000,00€",selectivas,2018
ELLOS TRANSPORTAN LA MUERTE,"201.781,50€","886.921,00€",selectivas,2018
EXAMEN DE CONCIENCIA,"125.520,00€","431.900,00€",selectivas,2018
HANNA Y LOS MONSTRUOS,"425.000,00€","1.250.000,00€",selectivas,2018
HOMBRES DE LECHE,"265.100,52€","779.707,40€",selectivas,2018
IN MEMORIAM,"44.746,55€","131.609,75€",selectivas,2018
INVISIBLES,"217.600,00€","1.418.460,00€",selectivas,2018
LA COCINA DE LOS HOMBRES,"130.900,00€","220.340,00€",selectivas,2018
LA COSMETICA DEL ENEMIGO,"400.000,00€","2.000.000,00€",selectivas,2018
LA FORTALEZA,"360.000,00€","1.782.000,00€",selectivas,2018
LA LECHULA,"120.000,00€","299.575,00€",selectivas,2018
LA MUSICA DE LOS REBAÑOS,"12.871,04€","123.695,00€",selectivas,2018
LA TORMENTA DEL AÑO,"353.760,00€","1.105.501,38€",selectivas,2018
LA VIRGEN DE AGOSTO,"83.308,50€","385.000,00€",selectivas,2018
LAS LETRAS DE JORDI,"45.050,00€","160.000,00€",selectivas,2018
LAS NIÑAS,"336.177,72€","1.176.306,00€",selectivas,2018
LIBERTAD,"432.000,00€","1.202.040,00€",selectivas,2018
MARGOLARIA - THE PAINTER,"51.760,00€","246.209,00€",selectivas,2018
MARIO Y LOS PERROS,"21.737,60€","157.516,06€",selectivas,2018
MATADERO,"84.908,20€","249.730,00€",selectivas,2018
MI HERMANO ALI,"115.200,00€","360.000,00€",selectivas,2018
MI VACIO Y YO,"80.000,00€","300.000,00€",selectivas,2018
ONS,"260.000,00€","1.131.197,00€",selectivas,2018
PARA LA GUERRA,"57.024,00€","198.009,00€",selectivas,2018
PUERTO DESEADO,"20.400,00€","109.891,74€",selectivas,2018
RETRATO DE MUJER BLANCA...,"120.000,00€","231.878,00€",selectivas,2018
SAN SIMON,"92.226,82€","299.794,00€",selectivas,2018
SAVE THE TREE,"425.000,00€","1.300.000,00€",selectivas,2018
SEIS DÍAS CORRIENTES,"232.000,00€","1.099.810,00€",selectivas,2018
SHOOTING FOR MIRZA,"90.235,15€","265.397,50€",selectivas,2018
SOINUJOLEAREN SEMEA,"338.980,00€","1.789.343,00€",selectivas,2018
STEVE MCCURRY...,"221.027,20€","863.388,00€",selectivas,2018
TARDES DE ESCUELA,"64.000,00€","200.000,00€",selectivas,2018
UNA VIDA NO TAN SIMPLE,"400.000,00€","1.526.670,00€",selectivas,2018
UNO PARA TODOS,"425.000,00€","1.613.000,00€",selectivas,2018
VIAJE A ALGUNA PARTE,"184.000,00€","582.921,00€",selectivas,2018
WAN XIA...,"172.400,00€","282.000,00€",selectivas,2018
LEGADO EN LOS HUESOS,297.000€,"5.300.000,00€",generales,2018
ARETA INVESTIGACION,719.000€,"1.797.996,00€",generales,2018
70 BINLADENS,796.000€,"2.524.000,00€",generales,2018
LA MALDICION DEL GUAPO,828.000€,"2.070.000,00€",generales,2018
LA LISTA,900.000€,"2.302.757,86€",generales,2018
MADRE,960.000€,"2.400.000,00€",generales,2018
ADIOS,1.000.000€,"2.850.000,00€",generales,2018
AKELARRE,1.000.000€,"2.508.150,00€",generales,2018
EL AÑO DE LA FURIA,1.000.000€,"2.732.580,00€",generales,2018
BLACK BEACH,1.000.000€,"4.438.962,00€",generales,2018
DOLOR Y GLORIA,1.000.000€,"9.647.261,00€",generales,2018
DURANTE LA TORMENTA,1.000.000€,"5.951.000,00€",generales,2018
EL SILENCIO DEL PANTANO,1.000.000€,"3.724.594,00€",generales,2018
LOS EUROPEOS,1.000.000€,"2.750.318,00€",generales,2018
GENTE QUE VIENE Y BAH,1.000.000€,"3.650.035,00€",generales,2018
HASTA EL CIELO,1.000.000€,"4.025.000,00€",generales,2018
INTEMPERIE,1.000.000€,"3.036.000,00€",generales,2018
JOAQUIN GONZALEZ,1.000.000€,"3.831.931,00€",generales,2018
LA GRAN AVENTURA DE LOS LUNNIS...,1.000.000€,"4.529.890,00€",generales,2018
LA OTRA CASA,1.000.000€,"3.050.995,00€",generales,2018
LA PEQUEÑA SUIZA,1.000.000€,"3.200.000,00€",generales,2018
LO DEJO CUANDO QUIERA,1.000.000€,"4.125.035,00€",generales,2018
LOS ASESINATOS DE GOYA,1.000.000€,"2.757.105,00€",generales,2018
MIAMOR PERDIDO,1.000.000€,"3.482.182,00€",generales,2018
OLA DE CRÍMENES,1.000.000€,"4.200.000,00€",generales,2018
ORIGENES SECRETOS,1.000.000€,"2.500.000,00€",generales,2018
PADRE NO HAY MAS QUE UNO,1.000.000€,"3.194.000,00€",generales,2018
PARADISE HILLS,1.000.000€,"4.440.000,00€",generales,2018
QUIEN A HIERRO MATA,1.000.000€,"3.010.000,00€",generales,2018
REMEMBER ME,1.000.000€,"2.506.752,00€",generales,2018
SALIR DEL ROPERO,1.000.000€,"2.714.100,00€",generales,2018
SI YO FUERA RICO,1.000.000€,"4.398.466,00€",generales,2018
TAXI A GIBRALTAR,1.000.000€,"3.800.863,75€",generales,2018
UN MUNDO NORMAL,1.000.000€,"2.715.425,00€",generales,2018
UN MUNDO PROHIBIDO,1.000.000€,"5.000.006,01€",generales,2018
VENTAJAS DE VIAJAR EN TREN,1.000.000€,"2.596.000,00€",generales,2018
VIVIR DOS VECES,1.000.000€,"2.795.050,00€",generales,2018
100 METROS,"1.387.863,45€","2.965.635,35 €",amortización,2018
1898 LOS ÚLTIMOS DE FILIPINAS,"1.500.000,00€","6.979.021,51 €",amortización,2018
ACANTILADO,"154.098,78€","1.736.472,12 €",amortización,2018
AL FINAL DEL TUNEL,"1.056.332,31€","2.695.319,22 €",amortización,2018
ALTAMIRA,"1.202.145,72€","8.173.878,36 €",amortización,2018
CALLBACK,"124.932,84 €","812.838,70€",amortización,2018
CANTABRICO. LOS DOMINIOS DEL OSO PARDO,"892.538,92 €","2.075.056,08€",amortización,2018
CAPITÁN KOBLIC,"936.667,53€","1.685.351,74 €",amortización,2018
CERCA DE TU CASA,"83.838,60€","1.076.514,72 €",amortización,2018
CIEN AÑOS DE PERDON,"1.500.000,00€","3.214.535,64 €",amortización,2018
COLD SKIN,"1.245.915,97 €","4.509.220,66€",amortización,2018
CONTRATIEMPO,"1.500.000,00€","4.532.809,80 €",amortización,2018
CUERPO DE ÉLITE,"1.495.200,00€","4.211.636,14 €",amortización,2018
DEEP,"198.977,51€","5.869.947,29 €",amortización,2018
DESPIDO PROCEDENTE,"1.227.948,03€","4.262.219,05 €",amortización,2018
EL BAR,"1.500.000,00€","4.180.378,46 €",amortización,2018
EL FARO DE LAS ORCAS,"1.259.278,55€","3.669.604,57 €",amortización,2018
EL FUTURO YA NO ES LO QUE ERA,"885.060,91€","2.260.378,57 €",amortización,2018
EL HOMBRE DE LAS MIL CARAS,"1.500.000,00€","5.290.017,67 €",amortización,2018
EL JUGADOR DE AJEDREZ,"1.200.668,94€","3.551.062,43 €",amortización,2018
EL OLIVO,"1.500.000,00€","3.298.005,00 €",amortización,2018
EL PREGÓN,"879.307,02€","2.408.613,32 €",amortización,2018
EL ÚLTIMO TRAJE,"843.735,61€","2.187.563,75 €",amortización,2018
EMBARAZADOS,"224.181,33€","1.952.758,87 €",amortización,2018
EN EL MISMO BARCO,"8.954,58 €","171.726,76€",amortización,2018
"GERNIKA, THE MOVIE","1.143.211,66€","4.957.753,58 €",amortización,2018
HIELO,"523,92 €","292.411,98€",amortización,2018
IGELAK,"678.641,15 €","2.068.933,59€",amortización,2018
INSIDE,"1.093.041,02€","2.912.414,17 €",amortización,2018
JULIETA,"1.500.000,00€","7.615.956,44 €",amortización,2018
"KIKI, EL AMOR SE HACE","1.143.235,97€","2.286.471,94 €",amortización,2018
LA CORONA PARTIDA,"1.157.282,22€","2.812.123,16 €",amortización,2018
LA MEMORIA DEL AGUA,"6.102,34€","323.162,07 €",amortización,2018
MINA: THE NIGHT WATCHMAN,"17.235,50€","2.018.467,68 €",amortización,2018
LA NOCHE QUE MI MADRE MATÓ A MI PADRE,"734.288,73 €","2.168.576,10€",amortización,2018
LA NIEBLA Y LA DONCELLA,"1.251.893,33 €","2.828.745,46€",amortización,2018
LA PUNTA DEL ICEBERG**,"857.406,33 €","2.183.175,93€",amortización,2018
LA REINA DE ESPAÑA,"1.385.346,40 €","8.369.539,63€",amortización,2018
LOBOS SUCIOS,"13.734,87€","1.697.153,07 €",amortización,2018
LOS DEL TÚNEL,"1.127.508,76€","2.560.068,32 €",amortización,2018
MARIA (Y LOS DEMAS),"26.250,17€","1.306.634,13 €",amortización,2018
MI PANADERIA EN BROOKLYN,"120.090,80€","2.306.686,92 €",amortización,2018
NACIDA PARA GANAR,"1.044.155,07€","2.759.165,45 €",amortización,2018
NERUDA,"20.795,18 €","531.819,19€",amortización,2018
NIEVE NEGRA,"976.043,68€","2.651.878,14 €",amortización,2018
NO CULPES AL KARMA...,"1.059.614,19€","2.314.225,95 €",amortización,2018
ÓRBITA 9,"779.072,04€","2.263.944,83 €",amortización,2018
ORO,"1.421.024,92€","5.653.911,27 €",amortización,2018
OZZY,"1.500.000,00€","5.967.296,48 €",amortización,2018
PLAN DE FUGA,"1.411.770,34€","3.512.069,37 €",amortización,2018
"POLÍTICA, MANUAL DE INSTRUCCIONES","16.298,85€","976.324,19 €",amortización,2018
PROYECTO LAZARO,"133.437,74€","4.451.562,68 €",amortización,2018
QUE DIOS NOS PERDONE,"1.456.550,58€","3.291.189,24 €",amortización,2018
SECUESTRO,"1.178.409,67€","3.162.984,55 €",amortización,2018
SEÑOR DAME PACIENCIA,"1.500.000,00€","3.629.654,82 €",amortización,2018
SICIXIA,"71.439,22€","719.530,87 €",amortización,2018
TARDE PARA LA IRA,"1.198.501,29€","2.477.002,34 €",amortización,2018
TENEMOS QUE HABLAR,"1.082.886,88€","2.620.662,01 €",amortización,2018
THE CHOSEN,"1.203.995,68€","3.292.698,25 €",amortización,2018
"TINI, EL GRAN CAMBIO DE VIOLETTA","1.236.241,39€","16.010.274,52 €",amortización,2018
TORO,"1.157.700,13€","3.161.659,04 €",amortización,2018
TOTS ELS CAMINS DE DÉU,"268,18€","61.727,22 €",amortización,2018
UN MONSTRUO VIENE A VERME,"1.350.000,00€","31.123.651,82 €",amortización,2018
VIENTOS DE LA HABANA,"1.231.169,23€","3.668.114,48 €",amortización,2018
VILLAVICIOSA DE AL LADO,"1.436.600,00€","2.974.665,93 €",amortización,2018
ZIPI Y ZAPE Y LA ISLA DEL CAPITÁN,"1.350.000,00€","3.431.561,20 €",amortización,2018
ZONA HOSTIL,"1.357.322,90€","3.723.714,34 €",amortización,2018
FANG DE SUBURBI,"13.920,00€","116.200,00€",selectivas,2017
MI ESPIA INTIMO,"17.966,09€","135.675,00€",selectivas,2017
NACION DE MUCHACHOS,"19.902,94€","246.508,00€",selectivas,2017
EL DESPERTAR DE LAS HORMIGAS,"21.564,80€","80.061,00€",selectivas,2017
ATLANTICIDADE,"24.226,73€","97.000,00€",selectivas,2017
SIN TECHO,"24.479,82€","367.640,00€",selectivas,2017
CANCION SIN NOMBRE,"29.668,17€","96.954,80€",selectivas,2017
NACIDA EN NIGERIA,"42.336,00€","219.000,00€",selectivas,2017
GALLO,"44.320,52€","180.370,00€",selectivas,2017
INTO AFRICA,"44.477,10€","247.675,00€",selectivas,2017
"ENRIQUE GRANADOS, EL ULTIMO ROMANTICO","48.077,80€","183.000,00€",selectivas,2017
EL CUADRO. HISTORIAS DE LAS MENINAS,"51.295,27€","232.616,00€",selectivas,2017
"GENERACION: BUÑUEL, LORCA, DALI","53.926,95€","304.557,00€",selectivas,2017
RIQUENI,"58.112,00€","200.000,00€",selectivas,2017
HOMBRE ENTRE PERRO Y LOBO,"60.371,00€","203.570,94€",selectivas,2017
KUARK VALLEY,"61.430,00€","250.000,00€",selectivas,2017
EL AÑO DEL DESCUBRIMIENTO,"62.315,40€","278.211,88€",selectivas,2017
PASO CORTO MALA LECHE,"64.211,89€","269.300,00€",selectivas,2017
EL FUTURO DE LA MENTE,"64.860,00€","274.078,00€",selectivas,2017
"IDRISSA, CRONICA DE UNA MUERTE CUALQUIERA","73.646,60€","259.319,00€",selectivas,2017
PETITET,"76.422,70€","298.200,00€",selectivas,2017
LA ESTACION VIOLENTA,"80.736,00€","789.378,25€",selectivas,2017
LA VIDA Y NADA MAS,"85.073,02€","395.556,00€",selectivas,2017
LOS FUSILEROS,"98.086,93€","323.848,00€",selectivas,2017
CARTAS MOJADAS (REFUGEE MOTHER),"110.996,92€","418.162,00€",selectivas,2017
STAFF ONLY (RESERVADO AL PERSONAL),"191.600,00€","930.612,38€",selectivas,2017
ISAAC,"196.830,88€","960.000,00€",selectivas,2017
LA PLATAFORMA,"229.400,00€","1.077.154,00€",selectivas,2017
OREINA CIERVO,"244.265,00€","1.163.440,00€",selectivas,2017
LA BONA ESPERA,"260.139,60€","810.297,00€",selectivas,2017
LA ORQUESTA TERRESTRE,"269.720,00€","1.015.000,00€",selectivas,2017
L'OFRENA,"277.425,00€","1.611.000,00€",selectivas,2017
VOLVER A CASA,"278.160,00€","1.110.242,50€",selectivas,2017
EL INCONVENIENTE,"319.771,07€","1.289.850,00€",selectivas,2017
EL HERMANO,"324.771,02€","1.199.125,00€",selectivas,2017
"522. UN GATO, UN CHINO Y MI PADRE","333.259,92€","1.231.808,00€",selectivas,2017
LO NUNCA VISTO,"334.642,86€","1.700.000,00€",selectivas,2017
BAJO LA PIEL DE LOBO,"352.130,50€","1.798.947,00€",selectivas,2017
"VITORIA, 3 DE MARZO","355.459,50€","1.500.500,00€",selectivas,2017
NO DORMIRAS (Antes: INSOMNES),350.000€,1.621.500€,generales,2017
AGUR ETXEBESTE,720.000€,1.800.000€,generales,2017
ERREMENTARI (EL HERRERO Y EL DIABLO),850.000€,2.512.500€,generales,2017
ANIMALES SIN COLLAR,910.294€,2.275.735€,generales,2017
QUIEN TE CANTARA,977.059€,2.454.118€,generales,2017
TU HIJO,1.020.104€,2.550.260€,generales,2017
FEEDBACK,1.032.000€,2.580.000€,generales,2017
YULI,1.040.000€,2.600.000€,generales,2017
EL DESENTIERRO,1.095.000€,2.745.594€,generales,2017
LA TRINCHERA INFINITA,1.188.000€,2.970.000€,generales,2017
SIN FILTRO,1.277.543€,3.894.000€,generales,2017
THE INFLUENCE,1.340.000€,3.355.825€,generales,2017
EL HOMBRE QUE MATO A DON QUIJOTE,1.400.000€,12.160.863€,generales,2017
SUPERLOPEZ,1.400.000€,7.300.014€,generales,2017
MIENTRAS DURE LA GUERRA,1.400.000€,6.380.000€,generales,2017
TODOS LO SABEN,1.400.000€,5.750.000€,generales,2017
EL ARBOL DE LA SANGRE,1.400.000€,5.600.000€,generales,2017
LA SOMBRA DE LA LEY (Antes: LA LEY DEL PLOMO),1.400.000€,4.975.000€,generales,2017
CAMPEONES,1.400.000€,4.503.924€,generales,2017
LA GALLINA TURULECA,1.400.000€,4.101.330€,generales,2017
EL REINO,1.400.000€,4.038.796€,generales,2017
EL FOTOGRAFO DE MAUTHAUSEN,1.400.000€,3.834.783€,generales,2017
TIEMPO DESPUES,1.400.000€,3.677.234€,generales,2017
LOS FUTBOLISIMOS,1.400.000€,3.586.000€,generales,2017
LA TRIBU,1.400.000€,3.500.000€,generales,2017
ASESINOS INOCENTES,"19.552,30€","1.845.803,21€",amortización,2017
"REY DE LA HABANA, EL","33.403,68€","1.523.140,31€",amortización,2017
NEGOCIADOR,"34.019,34€","352.569,42€",amortización,2017
"ALTAS PRESIONES, LAS","36.635,00€","629.265,83€",amortización,2017
"PAIS DEL MIEDO, EL","62.611,64€","770.563,24€",amortización,2017
"SICARIUS, LA NOCHE Y EL SILENCIO","64.802,89€","610.318,62€",amortización,2017
LEJOS DEL MAR,"67.045,51€","2.072.060,92€",amortización,2017
"CLAN, EL","96.073,99€","664.270,23€",amortización,2017
"PROFES, LA BUENA EDUCACION","104.532,79€","666.446,71€",amortización,2017
BENDITA CALAMIDAD,"116.424,88€","658.882,12€",amortización,2017
SUMMER CAMP,"137.983,59€","912.320,99€",amortización,2017
"BARCELONA, NIT D'HIVERN","143.061,17€","882.054,84€",amortización,2017
UN OTOÑO SIN BERLIN,"149.689,48€","1.609.826,50€",amortización,2017
AMAMA,"168.576,70€","1.156.656,50€",amortización,2017
SEXO FACIL Y PELICULAS TRISTES,"170.157,64€","855.677,74€",amortización,2017
"BENIDORM, MON AMOUR","575.187,29€","1.698.271,19€",amortización,2017
PERDIENDO EL NORTE,"670.950,00€","3.431.050,31€",amortización,2017
UN DIA PERFECTO,"675.000,00€","8.358.922,50€",amortización,2017
"MIERCOLES NO EXISTEN, LOS","723.413,37€","1.611.480,84€",amortización,2017
INCIDENCIAS,"747.717,91€","2.003.067,11€",amortización,2017
REY GITANO,"808.834,49€","2.043.347,82€",amortización,2017
A PRAIA DOS AFOGADOS,"850.921,62€","2.319.219,43€",amortización,2017
"FRANCISCO, EL PADRE JORGE","867.097,94€","2.206.616,66€",amortización,2017
L'ADOPCIO,"878.285,61€","2.182.748,19€",amortización,2017
A CAMBIO DE NADA,"993.598,40€","2.257.398,30€",amortización,2017
TIEMPO SIN AIRE,"1.032.440,44€","2.772.918,91€",amortización,2017
FELICES 140,"1.092.462,80€","2.547.127,61€",amortización,2017
NADIE QUIERE LA NOCHE,"1.205.689,64€","3.028.202,10€",amortización,2017
SEGON ORIGEN,"1.252.224,62€","4.823.290,97€",amortización,2017
THE GUNMAN,"1.283.783,56€","12.956.208,19€",amortización,2017
MI GRAN NOCHE,"1.350.000,00€","5.608.158,10€",amortización,2017
MA MA,"1.351.257,95€","3.545.528,42€",amortización,2017
"DESCONOCIDO, EL","1.375.278,00€","3.348.849,36€",amortización,2017
REGRESION,"1.500.000,00€","5.681.957,35€",amortización,2017
OCHO APELLIDOS CATALANES,"1.500.000,00€","6.209.375,68€",amortización,2017
TRUMAN,"1.500.000,00€","3.605.161,71€",amortización,2017
ANACLETO: AGENTE SECRETO,"1.500.000,00€","4.082.756,31€",amortización,2017
PALMERAS EN LA NIEVE,"1.500.000,00€","9.380.681,02€",amortización,2017
AHORA O NUNCA,"1.500.000,00€","3.703.944,13€",amortización,2017
ATRAPA LA BANDERA,"1.500.000,00€","10.949.065,68€",amortización,2017
EXTINCTION,"1.500.000,00€","4.290.134,56€",amortización,2017
"RESIDENCIA, LA","298.741,37€","933.566,78€",generales,2016
JEAN-FRANÇOIS Y EL SENTIDO DE LA VIDA,"304.271,37€","2.100.000,00€",generales,2016
EFECTO KOSHER (SOLO SE VIVE UNA VEZ),"414.924,52€","1.325.753,03€",generales,2016
"AÑO DE LA PLAGA, EL","427.500,00€","1.316.000,00€",generales,2016
DON'T FUCK AROUND WITH LOVE,"521.643,60€","1.716.604,00€",generales,2016
"CORDILLERA, LA","584.098,00€","1.460.247,00€",generales,2016
"LLAMADA, LA","723.109,46€","1.807.773,66€",generales,2016
CUANDO LOS ANGELES DUERMEN,"798.300,00€","2.322.000,00€",generales,2016
PERFECTOS DESCONOCIDOS,"800.000,00€","3.502.329,00€",generales,2016
EN LAS ESTRELLAS,"886.104,00€","2.705.000,00€",generales,2016
OPERACION CONCHA,"890.100,00€","2.472.543,75€",generales,2016
"MOVIL, EL","940.230,00€","2.350.575,00€",generales,2016
THE BOOKSHOP (LA LIBRERIA),"976.328,40€","2.440.821,00€",generales,2016
THỊ MAI,"1.020.600,00€","3.654.471,00€",generales,2016
MEMORIAS DEL CALABOZO,"1.031.600,00€","2.579.000,00€",generales,2016
INMERSION,"1.053.329,40€","3.673.206,62€",generales,2016
"PACTO, EL","1.120.000,00€","3.667.100,00€",generales,2016
TOC TOC,"1.120.000,00€","3.550.000,00€",generales,2016
MARROWBONE,"1.260.000,00€","8.400.000,00€",generales,2016
"HOMBRE QUE MATO A DON QUIJOTE, EL","1.260.000,00€","5.425.535,00€",generales,2016
"GUARDIAN INVISIBLE, EL","1.260.000,00€","4.500.000,00€",generales,2016
"AVISO, EL","1.260.000,00€","4.189.292,43€",generales,2016
"LEYES DE LA TERMODINAMICA, LAS","1.260.000,00€","3.897.330,00€",generales,2016
MUSE,"1.389.119,88€","3.472.799,70€",generales,2016
TADEO JONES 2. EL SECRETO DEL REY MIDAS,"1.400.000,00€","9.300.000,00€",generales,2016
ABRACADABRA,"1.400.000,00€","5.200.000,00€",generales,2016
AJEDREZ PARA TRES,"1.400.000,00€","4.459.997,04€",generales,2016
AUNDIYA,"1.400.000,00€","3.700.000,00€",generales,2016
UNO EQUIS DIOS,"1.400.000,00€","3.580.000,00€",generales,2016
"EXPEDIENTE, EL","1.400.000,00€","3.534.823,50€",generales,2016
UN HOMBRE LLAMADO PEDRO OLEA,"24.479,01€","219.215,00€",selectivas,2016
BERLIN. PUNTO DE ENCUENTRO,"27.213,75€","205.000,00€",selectivas,2016
ARTE AL AGUA,"29.875,00€","195.655,00€",selectivas,2016
PENELOPE,"31.179,24€","221.440,00€",selectivas,2016
EXPERIMENTO STUKA,"32.244,11€","201.425,00€",selectivas,2016
"MIGUEL PICAZO, UN CINEASTA EXTRAMUROS","34.187,50€","200.280,00€",selectivas,2016
"CARTAS QUE NO LLEGARON, LAS","41.887,91€","159.878,00€",selectivas,2016
"JOSE PADILLA O EL ""DON""","43.065,00€","449.960,00€",selectivas,2016
EN BUSCA DEL OSCAR,"54.957,50€","222.900,00€",selectivas,2016
OSCURO Y LUCIENTES,"55.600,00€","205.650,00€",selectivas,2016
QUINQUI STARS,"57.667,50€","247.500,00€",selectivas,2016
ROTA N' ROLL,"63.070,00€","270.714,00€",selectivas,2016
AUTERRETRATOS DE UN GIRALUNA,"71.100,00€","225.490,00€",selectivas,2016
"ARIZMENDIARRIETA, EL HOMBRE COOPERATIVO","74.750,00€","325.000,00€",selectivas,2016
ARPEGGIO,"74.873,70€","252.100,00€",selectivas,2016
ENTERRADOS,"76.509,66€","280.050,00€",selectivas,2016
"VISITA, LA","77.000,00€","315.453,00€",selectivas,2016
DECIR ADIOS,"86.355,00€","290.600,75€",selectivas,2016
"CIUDAD OCULTA, LA","96.525,00€","279.000,00€",selectivas,2016
NACIDO EN SIRIA,"116.064,00€","520.000,00€",selectivas,2016
STAFF ONLY (RESERVADO AL PERSONAL),"123.910,88€","930.612,00€",selectivas,2016
7 AÑOS,"163.648,34€","1.040.000,00€",selectivas,2016
DANTZA,"183.750,00€","1.283.400,00€",selectivas,2016
BLANCO EN BLANCO,"184.375,00€","829.500,00€",selectivas,2016
SIN FIN,"188.000,00€","760.343,65€",selectivas,2016
QUE QUERIA PARAR EL TIEMPO,"188.340,60€","775.880,00€",selectivas,2016
CARMEN Y LOLA,"205.945,82€","700.496,00€",selectivas,2016
"VIDA ERA ESO, LA","227.210,31€","815.738,31€",selectivas,2016
CUERDAS,"237.600,00€","940.922,00€",selectivas,2016
JEFE,"282.240,00€","980.000,00€",selectivas,2016
MIL COSAS QUE HARIA POR TI,"298.687,50€","1.164.578,00€",selectivas,2016
JAULAS,"333.500,00€","1.400.000,00€",selectivas,2016
"ELKANO, LA PRIMERA VUELTA AL MUNDO","342.500,00€","1.557.572,00€",selectivas,2016
PETRA,"343.668,32€","1.797.021,00€",selectivas,2016
BUÑUEL EN EL LABERINTO DE LAS TORTUGAS,"343.750,00€","1.728.652,88€",selectivas,2016
VIAJE ALREDEDOR DEL CUARTO DE UNA MADRE,"343.770,00€","1.125.000,00€",selectivas,2016
AMAR,"353.983,35€","1.606.500,00€",selectivas,2016
CUANDO DEJES DE QUERERME,"355.000,00€","1.288.009,00€",selectivas,2016
ANIMAS,"360.396,00€","1.421.056,38€",selectivas,2016
MI QUERIDA COFRADIA,"378.750,00€","1.482.534,00€",selectivas,2016
"FURIAS, LAS","392.370,00€","1.325.000,00€",selectivas,2016
MAI ES TAN FOSC,"2.308,90€","44.472,67€",amortización,2016
STELLA CADENTE,"5.358,57€","652.366,78€",amortización,2016
A ESCONDIDAS,"5.359,69€","1.012.243,00€",amortización,2016
ANOCHECE EN LA INDIA,"5.799,02€","858.165,64€",amortización,2016
TODOS ESTAN MUERTOS,"13.250,95€","1.166.232,48€",amortización,2016
FUEGO,"25.275,95€","1.217.733,28€",amortización,2016
DOS A LA CARTA,"28.622,48€","418.895,27€",amortización,2016
L'ENDEMA,"29.453,39€","577.998,16€",amortización,2016
A ESMORGA,"43.215,14€","1.495.376,94€",amortización,2016
"IGNORANCIA DE LA SANGRE, LA","51.289,16€","4.056.303,60€",amortización,2016
MAGICAL GIRL,"69.488,63€","271.612,95€",amortización,2016
PACO DE LUCIA: LA BUSQUEDA,"80.027,01€","179.979,78€",amortización,2016
LITTLE GALICIA,"89.455,83€","3.054.179,80€",amortización,2016
AMOR EN SU PUNTO,"119.446,78€","2.907.779,39€",amortización,2016
HERMOSA JUVENTUD,"124.390,68€","600.062,57€",amortización,2016
DIXIE ETA MATXINADA ZONBIA,"132.837,31€","1.365.913,80€",amortización,2016
TROPA DE TRAPO EN LA SELVA...,"159.948,50€","1.482.520,50€",amortización,2016
MUSARAÑAS,"231.908,26€","1.390.086,04€",amortización,2016
CARMINA Y AMEN,"400.000,00€","1.005.853,77€",amortización,2016
RELATOS SALVAJES,"460.000,00€","1.443.245,92€",amortización,2016
"2 FRANCOS, 40 PESETAS","629.616,40€","1.578.978,75€",amortización,2016
LASA ETA ZABALA,"680.439,75€","2.091.630,26€",amortización,2016
SOLO PARA DOS,"714.206,35€","1.760.186,68€",amortización,2016
RASTRES DE SANDAL,"737.056,41€","1.729.846,86€",amortización,2016
SWEET HOME,"738.558,52€","1.718.389,61€",amortización,2016
OPEN WINDOWS,"749.561,28€","2.229.523,83€",amortización,2016
POR UN PUÑADO DE BESOS,"811.634,49€","1.950.675,73€",amortización,2016
BETIBU,"861.240,28€","2.227.455,03€",amortización,2016
MARSELLA,"915.684,95€","2.485.086,34€",amortización,2016
MI OTRO YO,"966.363,63€","2.494.066,54€",amortización,2016
SOLO QUIMICA,"1.008.194,45€","2.790.742,31€",amortización,2016
MORTADELO Y FILEMON...,"1.067.934,98€","2.279.868,74€",amortización,2016
OVEJAS NO PIERDEN EL TREN...,"1.113.167,38€","2.567.635,67€",amortización,2016
CLUB DE LOS INCOMPRENDIDOS...,"1.290.683,20€","3.428.370,43€",amortización,2016
KAMIKAZE,"1.346.137,10€","3.736.950,83€",amortización,2016
"ISLA MINIMA, LA","1.353.909,13€","3.851.545,88€",amortización,2016
"PANCHO, EL PERRO MILLONARIO","1.353.909,13€","3.670.579,65€",amortización,2016
COMO SOBREVIVIR A UNA...,"1.364.803,25€","3.272.629,90€",amortización,2016
REC 4 APOCALIPSIS,"1.397.187,87€","3.621.387,54€",amortización,2016
PERDONA SI TE LLAMO AMOR,"1.483.062,63€","3.071.123,90€",amortización,2016
TORRENTE 5,"1.500.000,00€","8.490.138,16€",amortización,2016
EL NIÑO,"1.500.000,00€","5.630.307,35€",amortización,2016
8 APELLIDOS VASCOS,"1.500.000,00€","3.536.001,21€",amortización,2016
EN TRANSITO,"32.660,72€","176.000,00€",generales,2015
CANTICO,"36.707,86€","125.750,00€",generales,2015
TIERRAS DE SOLEDAD,"37.780,60€","288.560,00€",generales,2015
TIEMPO DE VIDA,"39.433,20€","117.713,00€",generales,2015
"NAVE VA, LA","47.653,20€","209.400,00€",generales,2015
"BATALLA DESCONOCIDA, LA","52.711,63€","216.585,00€",generales,2015
BOMBEROS DE BARCELONA,"55.784,50€","210.779,00€",generales,2015
100 DIAS DE SOLEDAD,"70.345,20€","201.457,00€",generales,2015
TIERRA QUEMADA,"78.161,33€","279.472,00€",generales,2015
"SAHARA, EL MUNDO QUE NUNCA EXISTIO","85.095,00€","440.700,00€",generales,2015
BOSCO. EL DELIRIO DE UN REY...,"89.324,38€","334.580,00€",generales,2015
CARLOS SAURA,"106.999,08€","280.000,00€",generales,2015
GELO,"108.732,50€","300.000,00€",generales,2015
RESURRECTION CLUB...,"114.389,74€","363.778,00€",generales,2015
"ISLA DEL RINOCERONTE, LA","122.205,88€","300.000,00€",generales,2015
EL SECRETO DE AMILA,"125.985,48€","837.452,40€",generales,2015
SAN MAO Y LA SOMBRA DEL OLIVO,"176.241,20€","642.075,00€",generales,2015
LA HIGUERA,"185.160,42€","1.666.841,50€",generales,2015
MAUS,"248.997,43€","1.320.087,00€",generales,2015
ENTRE DOS AGUAS,"288.322,35€","850.782,78€",generales,2015
VERANO 1993,"290.268,50€","990.382,00€",generales,2015
CRUZANDO EL LIMITE,"297.202,17€","1.994.569,00€",generales,2015
RUMBOS,"365.473,57€","2.162.000,00€",generales,2015
DIA DE MUERTOS,"366.381,25€","1.920.252,00€",generales,2015
"JOTA, LA","376.687,20€","1.120.215,00€",generales,2015
MORIR,"379.381,88€","1.800.120,00€",generales,2015
INCIERTA GLORIA,"569.191,00€","3.500.000,00€",generales,2015
"DISTANCIA, LA","864,56€","549.967,22€",amortización,2015
DIAMANTES NEGROS,"4.752,06€","888.726,31€",amortización,2015
EMERGO,"5.204,64€","516.871,00€",amortización,2015
MAPA,"7.458,54€","477.826,63€",amortización,2015
"SECRETO DEL COFRE DE MIDAS, EL","8.161,88€","538.946,10€",amortización,2015
STOCKHOLM,"20.466,87€","58.502,15€",amortización,2015
GUADALQUIVIR,"21.117,04€","915.792,10€",amortización,2015
SOMOS GENTE HONRADA,"22.937,02€","1.277.870,57€",amortización,2015
"HERIDA, LA","36.524,58€","841.008,10€",amortización,2015
"MEDICO ALEMAN - WAKOLDA, EL","37.821,19€","168.108,19€",amortización,2015
CANIBAL,"38.472,64€","1.729.541,84€",amortización,2015
"VIDA DE ADELE, LA","41.355,75€","317.541,00€",amortización,2015
SERIE B,"56.490,67€","1.335.962,02€",amortización,2015
AYER NO TERMINA NUNCA,"58.306,78€","454.737,05€",amortización,2015
VIRAL,"65.536,58€","775.686,12€",amortización,2015
EN SOLITARIO,"68.591,63€","1.777.758,08€",amortización,2015
"POR, LA (EL MIEDO)","73.060,62€","681.032,88€",amortización,2015
"CONTRATO, EL","90.677,11€","861.345,79€",amortización,2015
AMAREN ESKUAK / MANOS DE MI MADRE,"105.757,59€","1.227.764,41€",amortización,2015
A NIGHT IN OLD MEXICO,"109.951,97€","1.053.375,12€",amortización,2015
VIAJE A SURTSEY,"126.760,73€","1.664.577,39€",amortización,2015
JUSTIN Y LA ESPADA DEL VALOR,"135.000,00€","7.936.013,01€",amortización,2015
EXTRAORDINARIO VIAJE DE LUCIUS DUMB,"191.915,54€","1.179.964,55€",amortización,2015
TOTS VOLEM EL MILLOR PER A ELLA,"604.556,95€","1.952.067,61€",amortización,2015
RETORNADOS (THE RETURNED),"642.348,79€","1.529.951,52€",amortización,2015
TRES-60,"727.336,50€","2.619.008,04€",amortización,2015
"ESTRELLA, LA","790.266,06€","2.110.460,46€",amortización,2015
SEPTIMO,"858.663,29€","1.717.326,58€",amortización,2015
"HERMANDAD, LA","955.076,61€","3.257.513,95€",amortización,2015
PRESENTIMIENTOS,"980.884,63€","2.647.965,44€",amortización,2015
VIVIR ES FACIL CON LOS OJOS CERRADOS,"1.000.198,20€","2.000.396,39€",amortización,2015
ALACRAN ENAMORADO,"1.016.293,61€","2.678.319,61€",amortización,2015
QUIEN MATO A BAMBI ?,"1.078.282,66€","3.040.961,26€",amortización,2015
TESIS SOBRE UN HOMICIDIO,"1.079.278,34€","2.263.789,08€",amortización,2015
ZIPI Y ZAPE Y EL CLUB DE LA CANICA,"1.148.321,59€","4.185.022,61€",amortización,2015
"VIDA INESPERADA, LA","1.182.893,26€","2.873.641,49€",amortización,2015
"NO LLORES, VUELA","1.229.498,61€","3.282.756,90€",amortización,2015
15 AÑOS Y UN DIA,"1.255.610,19€","3.523.443,80€",amortización,2015
MINDSCAPE,"1.259.814,56€","3.188.098,57€",amortización,2015
ISMAEL,"1.270.313,14€","3.756.149,83€",amortización,2015
GRAND PIANO,"1.287.964,54€","3.608.861,99€",amortización,2015
COMBUSTION,"1.298.240,84€","4.035.599,47€",amortización,2015
"GRAN FAMILIA ESPAÑOLA, LA","1.338.504,94€","3.438.794,59€",amortización,2015
"ULTIMOS DIAS, LOS","1.338.504,94€","4.824.508,10€",amortización,2015
FUTBOLIN,"1.370.803,95€","6.058.445,77€",amortización,2015
TRES BODAS DE MAS,"1.403.102,97€","3.193.972,28€",amortización,2015
"BRUJAS DE ZUGARRAMURDI, LAS","1.500.000,00€","5.920.766,00€",amortización,2015
"AMANTES PASAJEROS, LOS","1.500.000,00€","7.763.198,68€",amortización,2015
CAMERA OBSCURA,"481,23€","1.589.489,55€",amortización,2015
"CORAZON DEL ROBLE, EL","949,95€","2.162.199,90€",amortización,2015
PURA VIDA,"1.440,25€","532.164,33€",amortización,2015
BAZTAN,"2.314,89€","1.288.302,59€",amortización,2015
OPERACION E,"6.106,91€","1.086.178,30€",amortización,2015
BLACKIE & KANUTO,"7.979,08€","2.217.565,32€",amortización,2015
THE WISH FISH,"10.251,76€","1.543.776,25€",amortización,2015
EXTRATERRESTRE,"13.972,18€","610.310,40€",amortización,2015
CACHORROS Y EL CODIGO...,"13.980,54€","332.722,85€",amortización,2015
DRACULA,"19.793,57€","1.248.818,03€",amortización,2015
ASTERIX Y OBELIX...,"25.487,71€","2.100.000,00€",amortización,2015
BYPASS,"26.842,74€","1.653.306,73€",amortización,2015
UNA PISTOLA EN CADA MANO,"37.342,32€","2.418.735,62€",amortización,2015
INSENSIBLES,"39.252,43€","2.563.289,31€",amortización,2015
FILL DE CAIN,"46.653,83€","1.903.213,67€",amortización,2015
VILAMOR,"49.025,76€","1.551.314,50€",amortización,2015
SECRETO DE LOS 24 ESCALONES,"66.047,61€","1.692.503,56€",amortización,2015
"BANDA PICASSO, LA","68.875,45€","2.187.811,07€",amortización,2015
FENIX 11-23,"71.186,26€","2.001.409,65€",amortización,2015
ATRACO!,"72.953,51€","3.926.143,04€",amortización,2015
7 DIAS EN LA HABANA,"79.131,28€","1.519.847,13€",amortización,2015
HOLMES & WATSON. MADRID DAYS,"81.085,41€","2.278.936,48€",amortización,2015
JUAN DE LOS MUERTOS,"81.715,96€","2.000.988,60€",amortización,2015
"NIÑOS SALVAJES, LOS","83.798,89€","1.888.546,71€",amortización,2015
"ARTISTA Y LA MODELO, EL","93.669,70€","2.075.595,85€",amortización,2015
ANIMAL'S,"101.822,47€","2.636.701,13€",amortización,2015
TODO ES SILENCIO,"108.774,03€","4.721.989,83€",amortización,2015
ELEFANTE BLANCO,"109.591,45€","2.109.183,55€",amortización,2015
INVASOR,"114.361,67€","4.001.803,30€",amortización,2015
DICTADO,"115.278,12€","3.061.246,35€",amortización,2015
VOLVER A NACER,"118.947,18€","2.106.244,11€",amortización,2015
"MONTAÑA RUSA, LA","131.074,81€","3.219.752,56€",amortización,2015
MIEL DE NARANJAS,"131.626,45€","3.068.116,48€",amortización,2015
LO IMPOSIBLE,"135.536,63€","30.324.580,13€",amortización,2015
LOBOS DE ARGA,"138.586,51€","3.657.989,88€",amortización,2015
"MONJE, EL","143.763,48€","3.769.309,12€",amortización,2015
"ENIGMA DEL CUERVO, EL","143.880,40€","3.047.471,16€",amortización,2015
MAMA,"154.907,28€","2.743.003,68€",amortización,2015
[REC] 3 GENESIS,"156.285,03€","4.164.749,45€",amortización,2015
GRUPO 7,"159.120,00€","3.046.354,38€",amortización,2015
THE PELAYOS,"167.788,50€","4.668.841,12€",amortización,2015
FIN,"168.189,48€","3.879.347,62€",amortización,2015
BLANCANIEVES,"168.866,47€","4.107.300,09€",amortización,2015
"CUERPO, EL","169.420,78€","6.503.702,22€",amortización,2015
"AVENTURAS DE TADEO JONES, LAS","169.420,79€","9.576.503,83€",amortización,2015
LUCES ROJAS,"169.420,79€","6.600.841,88€",amortización,2015
TENGO GANAS DE TI,"169.420,79€","6.263.477,41€",amortización,2015
