Titulo,ID,URL
#AQUIESTOY,20220,https://sede.mcu.gob.es/CatalogoICAA/Peliculas/Detalle?Pelicula=20220
#boza,153620,https://sede.mcu.gob.es/CatalogoICAA/Peliculas/Detalle?Pelicula=153620
#Yomequedoencasa,35820,https://sede.mcu.gob.es/CatalogoICAA/Peliculas/Detalle?Pelicula=35820
¡AL ABORDAJE!,149921,https://sede.mcu.gob.es/CatalogoICAA/Peliculas/Detalle?Pelicula=149921
"¡FELIZ HALLOWEEN, SCOOBY DOO!",87420,https://sede.mcu.gob.es/CatalogoICAA/Peliculas/Detalle?Pelicula=87420
¡Ni te me acerques!,76420,https://sede.mcu.gob.es/CatalogoICAA/Peliculas/Detalle?Pelicula=76420
¡SCOOBY!,29220,https://sede.mcu.gob.es/CatalogoICAA/Peliculas/Detalle?Pelicula=29220
¡UPSSS! 2 ¿Y AHORA DÓNDE ESTÁ NOÉ?,185420,https://sede.mcu.gob.es/CatalogoICAA/Peliculas/Detalle?Pelicula=185420
¿Cuánto vale una ballena?,181620,https://sede.mcu.gob.es/CatalogoICAA/Peliculas/Detalle?Pelicula=181620
¿QUIÉN ES QUIÉN?,140821,https://sede.mcu.gob.es/CatalogoICAA/Peliculas/Detalle?Pelicula=140821
¿Sigues ahí?,191220,https://sede.mcu.gob.es/CatalogoICAA/Peliculas/Detalle?Pelicula=191220
1 minuto 30 segundos,155520,https://sede.mcu.gob.es/CatalogoICAA/Peliculas/Detalle?Pelicula=155520
100% WOLF: PEQUEÑO GRAN LOBO,81620,https://sede.mcu.gob.es/CatalogoICAA/Peliculas/Detalle?Pelicula=81620
16,116019,https://sede.mcu.gob.es/CatalogoICAA/Peliculas/Detalle?Pelicula=116019
180 grados,166720,https://sede.mcu.gob.es/CatalogoICAA/Peliculas/Detalle?Pelicula=166720
20.000 días en la calle,51320,https://sede.mcu.gob.es/CatalogoICAA/Peliculas/Detalle?Pelicula=51320
2020,166420,https://sede.mcu.gob.es/CatalogoICAA/Peliculas/Detalle?Pelicula=166420
23 PASEOS,189920,https://sede.mcu.gob.es/CatalogoICAA/Peliculas/Detalle?Pelicula=189920
24 Horas confinados,41520,https://sede.mcu.gob.es/CatalogoICAA/Peliculas/Detalle?Pelicula=41520
"3.450 KM, DE MONTBLANC AL MÓN",148020,https://sede.mcu.gob.es/CatalogoICAA/Peliculas/Detalle?Pelicula=148020
30 ANYS I UN OCEÀ PEL MIG,154020,https://sede.mcu.gob.es/CatalogoICAA/Peliculas/Detalle?Pelicula=154020
37 grados,54619,https://sede.mcu.gob.es/CatalogoICAA/Peliculas/Detalle?Pelicula=54619
4 CHICOS Y ESTO,119321,https://sede.mcu.gob.es/CatalogoICAA/Peliculas/Detalle?Pelicula=119321
4 DÍAS,51321,https://sede.mcu.gob.es/CatalogoICAA/Peliculas/Detalle?Pelicula=51321
40 años de refugio,12620,https://sede.mcu.gob.es/CatalogoICAA/Peliculas/Detalle?Pelicula=12620
40 Días,39320,https://sede.mcu.gob.es/CatalogoICAA/Peliculas/Detalle?Pelicula=39320
57 días,79220,https://sede.mcu.gob.es/CatalogoICAA/Peliculas/Detalle?Pelicula=79220
7 Horas para enamorarte,170020,https://sede.mcu.gob.es/CatalogoICAA/Peliculas/Detalle?Pelicula=170020
"7 years, 90 minutes",11620,https://sede.mcu.gob.es/CatalogoICAA/Peliculas/Detalle?Pelicula=11620
A casa,23919,https://sede.mcu.gob.es/CatalogoICAA/Peliculas/Detalle?Pelicula=23919
A este lado del mundo,23020,https://sede.mcu.gob.es/CatalogoICAA/Peliculas/Detalle?Pelicula=23020
A la cara,114219,https://sede.mcu.gob.es/CatalogoICAA/Peliculas/Detalle?Pelicula=114219
A la deriva,149820,https://sede.mcu.gob.es/CatalogoICAA/Peliculas/Detalle?Pelicula=149820
A muerte contigo papá,15120,https://sede.mcu.gob.es/CatalogoICAA/Peliculas/Detalle?Pelicula=15120
A quien dices amar,192819,https://sede.mcu.gob.es/CatalogoICAA/Peliculas/Detalle?Pelicula=192819
A SECRET,44620,https://sede.mcu.gob.es/CatalogoICAA/Peliculas/Detalle?Pelicula=44620
A Stormy Night,186219,https://sede.mcu.gob.es/CatalogoICAA/Peliculas/Detalle?Pelicula=186219
A walk in the rain forest,50620,https://sede.mcu.gob.es/CatalogoICAA/Peliculas/Detalle?Pelicula=50620
ABCs of Death,163520,https://sede.mcu.gob.es/CatalogoICAA/Peliculas/Detalle?Pelicula=163520
ABISMO,186020,https://sede.mcu.gob.es/CatalogoICAA/Peliculas/Detalle?Pelicula=186020
Abrazar las estrellas,6120,https://sede.mcu.gob.es/CatalogoICAA/Peliculas/Detalle?Pelicula=6120
Acceleration. Velocidad asesina,158420,https://sede.mcu.gob.es/CatalogoICAA/Peliculas/Detalle?Pelicula=158420
Acto reflejo,144618,https://sede.mcu.gob.es/CatalogoICAA/Peliculas/Detalle?Pelicula=144618
Adam in aeternum,111119,https://sede.mcu.gob.es/CatalogoICAA/Peliculas/Detalle?Pelicula=111119
"Adiós, amigo",62120,https://sede.mcu.gob.es/CatalogoICAA/Peliculas/Detalle?Pelicula=62120
"ADIOS, IDIOTAS",54321,https://sede.mcu.gob.es/CatalogoICAA/Peliculas/Detalle?Pelicula=54321
AFTER. ALMAS PERDIDAS,132021,https://sede.mcu.gob.es/CatalogoICAA/Peliculas/Detalle?Pelicula=132021
AFTER. EN MIL PEDAZOS,76220,https://sede.mcu.gob.es/CatalogoICAA/Peliculas/Detalle?Pelicula=76220
AGUJERO EN LA CABEZA,9523,https://sede.mcu.gob.es/CatalogoICAA/Peliculas/Detalle?Pelicula=9523
"Ahí, dentro",114416,https://sede.mcu.gob.es/CatalogoICAA/Peliculas/Detalle?Pelicula=114416
AINBO: LA GUERRERA DEL AMAZONAS,233121,https://sede.mcu.gob.es/CatalogoICAA/Peliculas/Detalle?Pelicula=233121
Akelarre,123717,https://sede.mcu.gob.es/CatalogoICAA/Peliculas/Detalle?Pelicula=123717
Al óleo,176720,https://sede.mcu.gob.es/CatalogoICAA/Peliculas/Detalle?Pelicula=176720
"Alacant, ciutat en guerra",111420,https://sede.mcu.gob.es/CatalogoICAA/Peliculas/Detalle?Pelicula=111420
Alaska,19120,https://sede.mcu.gob.es/CatalogoICAA/Peliculas/Detalle?Pelicula=19120
ALERTA ROJA,198021,https://sede.mcu.gob.es/CatalogoICAA/Peliculas/Detalle?Pelicula=198021
Algo en lo que creer,42320,https://sede.mcu.gob.es/CatalogoICAA/Peliculas/Detalle?Pelicula=42320
ALINE,31422,https://sede.mcu.gob.es/CatalogoICAA/Peliculas/Detalle?Pelicula=31422
Alirón,5320,https://sede.mcu.gob.es/CatalogoICAA/Peliculas/Detalle?Pelicula=5320
All the Souls...,126618,https://sede.mcu.gob.es/CatalogoICAA/Peliculas/Detalle?Pelicula=126618
Alone,164920,https://sede.mcu.gob.es/CatalogoICAA/Peliculas/Detalle?Pelicula=164920
Ama,30020,https://sede.mcu.gob.es/CatalogoICAA/Peliculas/Detalle?Pelicula=30020
AMA-DAS,117218,https://sede.mcu.gob.es/CatalogoICAA/Peliculas/Detalle?Pelicula=117218
Amalia en el otoño,150320,https://sede.mcu.gob.es/CatalogoICAA/Peliculas/Detalle?Pelicula=150320
Amar en libertad,24020,https://sede.mcu.gob.es/CatalogoICAA/Peliculas/Detalle?Pelicula=24020
Amianto,161620,https://sede.mcu.gob.es/CatalogoICAA/Peliculas/Detalle?Pelicula=161620
Amigo,149020,https://sede.mcu.gob.es/CatalogoICAA/Peliculas/Detalle?Pelicula=149020
AMMONITE,33921,https://sede.mcu.gob.es/CatalogoICAA/Peliculas/Detalle?Pelicula=33921
Amor sobre hielo,171820,https://sede.mcu.gob.es/CatalogoICAA/Peliculas/Detalle?Pelicula=171820
Ampolles al mar,201721,https://sede.mcu.gob.es/CatalogoICAA/Peliculas/Detalle?Pelicula=201721
Anábasis,153920,https://sede.mcu.gob.es/CatalogoICAA/Peliculas/Detalle?Pelicula=153920
Anatomía de un Dandy,171420,https://sede.mcu.gob.es/CatalogoICAA/Peliculas/Detalle?Pelicula=171420
ANBURGESAS VICENTE,22220,https://sede.mcu.gob.es/CatalogoICAA/Peliculas/Detalle?Pelicula=22220
ANDROMEDA GALAXY,163121,https://sede.mcu.gob.es/CatalogoICAA/Peliculas/Detalle?Pelicula=163121
"Ane, Pelikula",67318,https://sede.mcu.gob.es/CatalogoICAA/Peliculas/Detalle?Pelicula=67318
Ángeles con espada,42820,https://sede.mcu.gob.es/CatalogoICAA/Peliculas/Detalle?Pelicula=42820
Ánima et Hábitat,50020,https://sede.mcu.gob.es/CatalogoICAA/Peliculas/Detalle?Pelicula=50020
Animal,204819,https://sede.mcu.gob.es/CatalogoICAA/Peliculas/Detalle?Pelicula=204819
Animal Champions,40520,https://sede.mcu.gob.es/CatalogoICAA/Peliculas/Detalle?Pelicula=40520
ANTLERS: CRIATURA OSCURA,12720,https://sede.mcu.gob.es/CatalogoICAA/Peliculas/Detalle?Pelicula=12720
Antonio Machado. Los días azules,120618,https://sede.mcu.gob.es/CatalogoICAA/Peliculas/Detalle?Pelicula=120618
Anunciaron tormenta,147020,https://sede.mcu.gob.es/CatalogoICAA/Peliculas/Detalle?Pelicula=147020
"Año que dejamos de jugar, El",161020,https://sede.mcu.gob.es/CatalogoICAA/Peliculas/Detalle?Pelicula=161020
AÑOS DE SEQUÍA,198621,https://sede.mcu.gob.es/CatalogoICAA/Peliculas/Detalle?Pelicula=198621
Apples,197121,https://sede.mcu.gob.es/CatalogoICAA/Peliculas/Detalle?Pelicula=197121
Archipiélago fantasma,173020,https://sede.mcu.gob.es/CatalogoICAA/Peliculas/Detalle?Pelicula=173020
ARCHIVE,167920,https://sede.mcu.gob.es/CatalogoICAA/Peliculas/Detalle?Pelicula=167920
Arde,39120,https://sede.mcu.gob.es/CatalogoICAA/Peliculas/Detalle?Pelicula=39120
ARICA,220821,https://sede.mcu.gob.es/CatalogoICAA/Peliculas/Detalle?Pelicula=220821
Arquitectura entre especies II,72320,https://sede.mcu.gob.es/CatalogoICAA/Peliculas/Detalle?Pelicula=72320
Arzak since 1897,72219,https://sede.mcu.gob.es/CatalogoICAA/Peliculas/Detalle?Pelicula=72219
As tres caídas de María Santiso,174919,https://sede.mcu.gob.es/CatalogoICAA/Peliculas/Detalle?Pelicula=174919
Asfixia,65920,https://sede.mcu.gob.es/CatalogoICAA/Peliculas/Detalle?Pelicula=65920
Astrid,195420,https://sede.mcu.gob.es/CatalogoICAA/Peliculas/Detalle?Pelicula=195420
Atentado,157618,https://sede.mcu.gob.es/CatalogoICAA/Peliculas/Detalle?Pelicula=157618
Aterpean Ateri,191820,https://sede.mcu.gob.es/CatalogoICAA/Peliculas/Detalle?Pelicula=191820
Atrapasueños,40320,https://sede.mcu.gob.es/CatalogoICAA/Peliculas/Detalle?Pelicula=40320
AUDREY,194020,https://sede.mcu.gob.es/CatalogoICAA/Peliculas/Detalle?Pelicula=194020
Ave feliz,94720,https://sede.mcu.gob.es/CatalogoICAA/Peliculas/Detalle?Pelicula=94720
"Avión del dinero, El",152220,https://sede.mcu.gob.es/CatalogoICAA/Peliculas/Detalle?Pelicula=152220
AZOR,188721,https://sede.mcu.gob.es/CatalogoICAA/Peliculas/Detalle?Pelicula=188721
Baaghi 3,23520,https://sede.mcu.gob.es/CatalogoICAA/Peliculas/Detalle?Pelicula=23520
Baby,147516,https://sede.mcu.gob.es/CatalogoICAA/Peliculas/Detalle?Pelicula=147516
Bad boys for life,150919,https://sede.mcu.gob.es/CatalogoICAA/Peliculas/Detalle?Pelicula=150919
Badaladas de Amor e Morte,191918,https://sede.mcu.gob.es/CatalogoICAA/Peliculas/Detalle?Pelicula=191918
Baila con el corazón,9120,https://sede.mcu.gob.es/CatalogoICAA/Peliculas/Detalle?Pelicula=9120
Bajo el silencio,57817,https://sede.mcu.gob.es/CatalogoICAA/Peliculas/Detalle?Pelicula=57817
BAJO EL VOLCÁN,122321,https://sede.mcu.gob.es/CatalogoICAA/Peliculas/Detalle?Pelicula=122321
BAJO LAS ESTRELLAS DE PARÍS,35121,https://sede.mcu.gob.es/CatalogoICAA/Peliculas/Detalle?Pelicula=35121
BAJOCERO,15519,https://sede.mcu.gob.es/CatalogoICAA/Peliculas/Detalle?Pelicula=15519
Barbudos,46420,https://sede.mcu.gob.es/CatalogoICAA/Peliculas/Detalle?Pelicula=46420
BARRABÁS,12220,https://sede.mcu.gob.es/CatalogoICAA/Peliculas/Detalle?Pelicula=12220
Before i die,21920,https://sede.mcu.gob.es/CatalogoICAA/Peliculas/Detalle?Pelicula=21920
BEGINNING,179720,https://sede.mcu.gob.es/CatalogoICAA/Peliculas/Detalle?Pelicula=179720
BELLA Y EL CIRCO MÁGICO,173921,https://sede.mcu.gob.es/CatalogoICAA/Peliculas/Detalle?Pelicula=173921
Betes Blondes,18824,https://sede.mcu.gob.es/CatalogoICAA/Peliculas/Detalle?Pelicula=18824
Beyond the Glacier,196119,https://sede.mcu.gob.es/CatalogoICAA/Peliculas/Detalle?Pelicula=196119
Bi urte lau hilanete eta egun bat,87919,https://sede.mcu.gob.es/CatalogoICAA/Peliculas/Detalle?Pelicula=87919
Billy,149620,https://sede.mcu.gob.es/CatalogoICAA/Peliculas/Detalle?Pelicula=149620
Biografía del cadáver de una mujer,6820,https://sede.mcu.gob.es/CatalogoICAA/Peliculas/Detalle?Pelicula=6820
Birthday,49420,https://sede.mcu.gob.es/CatalogoICAA/Peliculas/Detalle?Pelicula=49420
Bizimina,61720,https://sede.mcu.gob.es/CatalogoICAA/Peliculas/Detalle?Pelicula=61720
BLAST BEAT,47621,https://sede.mcu.gob.es/CatalogoICAA/Peliculas/Detalle?Pelicula=47621
Blockhaus 13,113319,https://sede.mcu.gob.es/CatalogoICAA/Peliculas/Detalle?Pelicula=113319
BLUMHOUSE JÓVENES Y BRUJAS,162020,https://sede.mcu.gob.es/CatalogoICAA/Peliculas/Detalle?Pelicula=162020
BODA SIN FIN,33121,https://sede.mcu.gob.es/CatalogoICAA/Peliculas/Detalle?Pelicula=33121
BOONIE BEARS. PARQUE SALVAJE.,142622,https://sede.mcu.gob.es/CatalogoICAA/Peliculas/Detalle?Pelicula=142622
BORRAR EL HISTORIAL,112021,https://sede.mcu.gob.es/CatalogoICAA/Peliculas/Detalle?Pelicula=112021
Bosco,197922,https://sede.mcu.gob.es/CatalogoICAA/Peliculas/Detalle?Pelicula=197922
BREAK THE SILENCE: THE MOVIE,107320,https://sede.mcu.gob.es/CatalogoICAA/Peliculas/Detalle?Pelicula=107320
Breathe,155120,https://sede.mcu.gob.es/CatalogoICAA/Peliculas/Detalle?Pelicula=155120
Bristol,99018,https://sede.mcu.gob.es/CatalogoICAA/Peliculas/Detalle?Pelicula=99018
BRUJAS,78220,https://sede.mcu.gob.es/CatalogoICAA/Peliculas/Detalle?Pelicula=78220
Buruak (Cabezas),31620,https://sede.mcu.gob.es/CatalogoICAA/Peliculas/Detalle?Pelicula=31620
BUSCANT LA MÀGICA DOREMI,200521,https://sede.mcu.gob.es/CatalogoICAA/Peliculas/Detalle?Pelicula=200521
Ca nostra,39820,https://sede.mcu.gob.es/CatalogoICAA/Peliculas/Detalle?Pelicula=39820
Cabanyal Z,38220,https://sede.mcu.gob.es/CatalogoICAA/Peliculas/Detalle?Pelicula=38220
Cachita - La esclavitud borrada,98219,https://sede.mcu.gob.es/CatalogoICAA/Peliculas/Detalle?Pelicula=98219
CALAMITY,160221,https://sede.mcu.gob.es/CatalogoICAA/Peliculas/Detalle?Pelicula=160221
Calladita,62219,https://sede.mcu.gob.es/CatalogoICAA/Peliculas/Detalle?Pelicula=62219
Caminito del olvido,195919,https://sede.mcu.gob.es/CatalogoICAA/Peliculas/Detalle?Pelicula=195919
Camino hacia la libertad,168420,https://sede.mcu.gob.es/CatalogoICAA/Peliculas/Detalle?Pelicula=168420
Camino incierto,186119,https://sede.mcu.gob.es/CatalogoICAA/Peliculas/Detalle?Pelicula=186119
Can Gardell,84819,https://sede.mcu.gob.es/CatalogoICAA/Peliculas/Detalle?Pelicula=84819
Cantando en chino,112719,https://sede.mcu.gob.es/CatalogoICAA/Peliculas/Detalle?Pelicula=112719
CAPGRAS,820,https://sede.mcu.gob.es/CatalogoICAA/Peliculas/Detalle?Pelicula=820
Capitán Carver,101718,https://sede.mcu.gob.es/CatalogoICAA/Peliculas/Detalle?Pelicula=101718
Caputxins. 400 anys a Arenys,144320,https://sede.mcu.gob.es/CatalogoICAA/Peliculas/Detalle?Pelicula=144320
Caracoles serranos,205818,https://sede.mcu.gob.es/CatalogoICAA/Peliculas/Detalle?Pelicula=205818
"Carmen dormida, Carmen despierta",30219,https://sede.mcu.gob.es/CatalogoICAA/Peliculas/Detalle?Pelicula=30219
Carta a un ser querido,71520,https://sede.mcu.gob.es/CatalogoICAA/Peliculas/Detalle?Pelicula=71520
Cartas mojadas,55417,https://sede.mcu.gob.es/CatalogoICAA/Peliculas/Detalle?Pelicula=55417
CÁSATE CONMIGO,212721,https://sede.mcu.gob.es/CatalogoICAA/Peliculas/Detalle?Pelicula=212721
Catábasis,40720,https://sede.mcu.gob.es/CatalogoICAA/Peliculas/Detalle?Pelicula=40720
CAZADORES DE TRUFAS,143021,https://sede.mcu.gob.es/CatalogoICAA/Peliculas/Detalle?Pelicula=143021
Cenicienta Swing,142018,https://sede.mcu.gob.es/CatalogoICAA/Peliculas/Detalle?Pelicula=142018
Cenizas,112320,https://sede.mcu.gob.es/CatalogoICAA/Peliculas/Detalle?Pelicula=112320
CERCA DE TI,197020,https://sede.mcu.gob.es/CatalogoICAA/Peliculas/Detalle?Pelicula=197020
Cerca del silencio,51020,https://sede.mcu.gob.es/CatalogoICAA/Peliculas/Detalle?Pelicula=51020
Chal mera putt 2,26620,https://sede.mcu.gob.es/CatalogoICAA/Peliculas/Detalle?Pelicula=26620
Chaos Walking,180120,https://sede.mcu.gob.es/CatalogoICAA/Peliculas/Detalle?Pelicula=180120
CHARLATÁN,146521,https://sede.mcu.gob.es/CatalogoICAA/Peliculas/Detalle?Pelicula=146521
Charo8,55820,https://sede.mcu.gob.es/CatalogoICAA/Peliculas/Detalle?Pelicula=55820
Chavalas,114618,https://sede.mcu.gob.es/CatalogoICAA/Peliculas/Detalle?Pelicula=114618
Cicatriz,66419,https://sede.mcu.gob.es/CatalogoICAA/Peliculas/Detalle?Pelicula=66419
CIELO DE MEDIANOCHE,183120,https://sede.mcu.gob.es/CatalogoICAA/Peliculas/Detalle?Pelicula=183120
CIMA A LA AMISTAD,3421,https://sede.mcu.gob.es/CatalogoICAA/Peliculas/Detalle?Pelicula=3421
Ciutat de Granada 145-147-149,29120,https://sede.mcu.gob.es/CatalogoICAA/Peliculas/Detalle?Pelicula=29120
CLARET,168820,https://sede.mcu.gob.es/CatalogoICAA/Peliculas/Detalle?Pelicula=168820
"Clavijo, tu amor",91220,https://sede.mcu.gob.es/CatalogoICAA/Peliculas/Detalle?Pelicula=91220
Click,155818,https://sede.mcu.gob.es/CatalogoICAA/Peliculas/Detalle?Pelicula=155818
CLUB DE PADRES,178520,https://sede.mcu.gob.es/CatalogoICAA/Peliculas/Detalle?Pelicula=178520
Cobarde,22020,https://sede.mcu.gob.es/CatalogoICAA/Peliculas/Detalle?Pelicula=22020
CODA,194421,https://sede.mcu.gob.es/CatalogoICAA/Peliculas/Detalle?Pelicula=194421
Colada,169820,https://sede.mcu.gob.es/CatalogoICAA/Peliculas/Detalle?Pelicula=169820
Colibrí (Pablo Chica),112019,https://sede.mcu.gob.es/CatalogoICAA/Peliculas/Detalle?Pelicula=112019
Colibrí (Moisés Romera),113220,https://sede.mcu.gob.es/CatalogoICAA/Peliculas/Detalle?Pelicula=113220
Colrun,19720,https://sede.mcu.gob.es/CatalogoICAA/Peliculas/Detalle?Pelicula=19720
Cómplices,93619,https://sede.mcu.gob.es/CatalogoICAA/Peliculas/Detalle?Pelicula=93619
Con cuatro cuerdas,15815,https://sede.mcu.gob.es/CatalogoICAA/Peliculas/Detalle?Pelicula=15815
Confidencial,56220,https://sede.mcu.gob.es/CatalogoICAA/Peliculas/Detalle?Pelicula=56220
Consejo Familiar,149920,https://sede.mcu.gob.es/CatalogoICAA/Peliculas/Detalle?Pelicula=149920
Consuelo Demon Slayer III,74520,https://sede.mcu.gob.es/CatalogoICAA/Peliculas/Detalle?Pelicula=74520
Conversaciones con un mono,137918,https://sede.mcu.gob.es/CatalogoICAA/Peliculas/Detalle?Pelicula=137918
Cool Rush,67420,https://sede.mcu.gob.es/CatalogoICAA/Peliculas/Detalle?Pelicula=67420
Coque,155318,https://sede.mcu.gob.es/CatalogoICAA/Peliculas/Detalle?Pelicula=155318
Coses a fer abans de morir,156020,https://sede.mcu.gob.es/CatalogoICAA/Peliculas/Detalle?Pelicula=156020
Cosmética del enemigo,98618,https://sede.mcu.gob.es/CatalogoICAA/Peliculas/Detalle?Pelicula=98618
Courtroom 3H,112418,https://sede.mcu.gob.es/CatalogoICAA/Peliculas/Detalle?Pelicula=112418
Crónica de una tormenta,50217,https://sede.mcu.gob.es/CatalogoICAA/Peliculas/Detalle?Pelicula=50217
Crónicos y rebeldes,165820,https://sede.mcu.gob.es/CatalogoICAA/Peliculas/Detalle?Pelicula=165820
Cua de sirena,55520,https://sede.mcu.gob.es/CatalogoICAA/Peliculas/Detalle?Pelicula=55520
Cuando no esté Lola,40620,https://sede.mcu.gob.es/CatalogoICAA/Peliculas/Detalle?Pelicula=40620
Cuenta atrás (Moisés Romera),65020,https://sede.mcu.gob.es/CatalogoICAA/Peliculas/Detalle?Pelicula=65020
CUENTA ATRÁS (Julia Marcos),181119,https://sede.mcu.gob.es/CatalogoICAA/Peliculas/Detalle?Pelicula=181119
CUENTA PENDIENTE,163720,https://sede.mcu.gob.es/CatalogoICAA/Peliculas/Detalle?Pelicula=163720
Cuento chino,22219,https://sede.mcu.gob.es/CatalogoICAA/Peliculas/Detalle?Pelicula=22219
CUESTIÓN DE DERECHOS,194121,https://sede.mcu.gob.es/CatalogoICAA/Peliculas/Detalle?Pelicula=194121
Cuestión de fe,55920,https://sede.mcu.gob.es/CatalogoICAA/Peliculas/Detalle?Pelicula=55920
Dajla: cine y olvido,21219,https://sede.mcu.gob.es/CatalogoICAA/Peliculas/Detalle?Pelicula=21219
Dama Blanca,22920,https://sede.mcu.gob.es/CatalogoICAA/Peliculas/Detalle?Pelicula=22920
DAMAS DE HIERRO,154621,https://sede.mcu.gob.es/CatalogoICAA/Peliculas/Detalle?Pelicula=154621
Dana,156618,https://sede.mcu.gob.es/CatalogoICAA/Peliculas/Detalle?Pelicula=156618
DANI KARAVAN,123221,https://sede.mcu.gob.es/CatalogoICAA/Peliculas/Detalle?Pelicula=123221
Dar-Dar,109819,https://sede.mcu.gob.es/CatalogoICAA/Peliculas/Detalle?Pelicula=109819
DARLIN,150020,https://sede.mcu.gob.es/CatalogoICAA/Peliculas/Detalle?Pelicula=150020
Darwin se sienta a la mesa,3020,https://sede.mcu.gob.es/CatalogoICAA/Peliculas/Detalle?Pelicula=3020
DATING AMBER,1221,https://sede.mcu.gob.es/CatalogoICAA/Peliculas/Detalle?Pelicula=1221
De Gaulle,62720,https://sede.mcu.gob.es/CatalogoICAA/Peliculas/Detalle?Pelicula=62720
De la cruz al martillo,109620,https://sede.mcu.gob.es/CatalogoICAA/Peliculas/Detalle?Pelicula=109620
DE LA VIDA AL PLATO,51420,https://sede.mcu.gob.es/CatalogoICAA/Peliculas/Detalle?Pelicula=51420
De los nombres de las cabras,96220,https://sede.mcu.gob.es/CatalogoICAA/Peliculas/Detalle?Pelicula=96220
Deadline,110619,https://sede.mcu.gob.es/CatalogoICAA/Peliculas/Detalle?Pelicula=110619
Dear Werner (Walking on Cinema),145720,https://sede.mcu.gob.es/CatalogoICAA/Peliculas/Detalle?Pelicula=145720
Deathstroke: Caballeros y Dragones,19821,https://sede.mcu.gob.es/CatalogoICAA/Peliculas/Detalle?Pelicula=19821
Decir no,105919,https://sede.mcu.gob.es/CatalogoICAA/Peliculas/Detalle?Pelicula=105919
Droneworld,147920,https://sede.mcu.gob.es/CatalogoICAA/Peliculas/Detalle?Pelicula=147920
Dulce e Inma,173220,https://sede.mcu.gob.es/CatalogoICAA/Peliculas/Detalle?Pelicula=173220
DUNE,149220,https://sede.mcu.gob.es/CatalogoICAA/Peliculas/Detalle?Pelicula=149220
EARWIG Y LA BRUJA,190020,https://sede.mcu.gob.es/CatalogoICAA/Peliculas/Detalle?Pelicula=190020
Ehiza,181420,https://sede.mcu.gob.es/CatalogoICAA/Peliculas/Detalle?Pelicula=181420
"El ""Sin Nombre""",41220,https://sede.mcu.gob.es/CatalogoICAA/Peliculas/Detalle?Pelicula=41220
El Agente Topo,207417,https://sede.mcu.gob.es/CatalogoICAA/Peliculas/Detalle?Pelicula=207417
El amor amenazado,72520,https://sede.mcu.gob.es/CatalogoICAA/Peliculas/Detalle?Pelicula=72520
El anillo del Rey,213918,https://sede.mcu.gob.es/CatalogoICAA/Peliculas/Detalle?Pelicula=213918
El año de la furia,122910,https://sede.mcu.gob.es/CatalogoICAA/Peliculas/Detalle?Pelicula=122910
EL ARCO MÁGICO,150420,https://sede.mcu.gob.es/CatalogoICAA/Peliculas/Detalle?Pelicula=150420
El Arte de Volver,23420,https://sede.mcu.gob.es/CatalogoICAA/Peliculas/Detalle?Pelicula=23420
EL BRINDIS,177321,https://sede.mcu.gob.es/CatalogoICAA/Peliculas/Detalle?Pelicula=177321
El Camino,84619,https://sede.mcu.gob.es/CatalogoICAA/Peliculas/Detalle?Pelicula=84619
El camino del éxito,123619,https://sede.mcu.gob.es/CatalogoICAA/Peliculas/Detalle?Pelicula=123619
El Capità Zheimer,161220,https://sede.mcu.gob.es/CatalogoICAA/Peliculas/Detalle?Pelicula=161220
El Caso Loveparade,61119,https://sede.mcu.gob.es/CatalogoICAA/Peliculas/Detalle?Pelicula=61119
El chico del tren,111719,https://sede.mcu.gob.es/CatalogoICAA/Peliculas/Detalle?Pelicula=111719
El cinema que no veiem,175919,https://sede.mcu.gob.es/CatalogoICAA/Peliculas/Detalle?Pelicula=175919
El Círculo,157821,https://sede.mcu.gob.es/CatalogoICAA/Peliculas/Detalle?Pelicula=157821
EL CLUB DE LOS DIVORCIADOS,143620,https://sede.mcu.gob.es/CatalogoICAA/Peliculas/Detalle?Pelicula=143620
EL CÓDIGO DE LOS DIFERENTES,49521,https://sede.mcu.gob.es/CatalogoICAA/Peliculas/Detalle?Pelicula=49521
El código interior,146618,https://sede.mcu.gob.es/CatalogoICAA/Peliculas/Detalle?Pelicula=146618
El complot de Tablada,109520,https://sede.mcu.gob.es/CatalogoICAA/Peliculas/Detalle?Pelicula=109520
El confinamiento infinito,91820,https://sede.mcu.gob.es/CatalogoICAA/Peliculas/Detalle?Pelicula=91820
El conserje,148920,https://sede.mcu.gob.es/CatalogoICAA/Peliculas/Detalle?Pelicula=148920
EL CONTADOR DE CARTAS,190221,https://sede.mcu.gob.es/CatalogoICAA/Peliculas/Detalle?Pelicula=190221
El contramaestre,109220,https://sede.mcu.gob.es/CatalogoICAA/Peliculas/Detalle?Pelicula=109220
El corazón rojo,151320,https://sede.mcu.gob.es/CatalogoICAA/Peliculas/Detalle?Pelicula=151320
El cover,148419,https://sede.mcu.gob.es/CatalogoICAA/Peliculas/Detalle?Pelicula=148419
El criado extranjero,56720,https://sede.mcu.gob.es/CatalogoICAA/Peliculas/Detalle?Pelicula=56720
El cuento del que todos hablan,114819,https://sede.mcu.gob.es/CatalogoICAA/Peliculas/Detalle?Pelicula=114819
El deseado,49520,https://sede.mcu.gob.es/CatalogoICAA/Peliculas/Detalle?Pelicula=49520
EL DESPERTAR DE NORA,187221,https://sede.mcu.gob.es/CatalogoICAA/Peliculas/Detalle?Pelicula=187221
El día que te maté,33520,https://sede.mcu.gob.es/CatalogoICAA/Peliculas/Detalle?Pelicula=33520
El dorado,56320,https://sede.mcu.gob.es/CatalogoICAA/Peliculas/Detalle?Pelicula=56320
El Drogas,183217,https://sede.mcu.gob.es/CatalogoICAA/Peliculas/Detalle?Pelicula=183217
EL DUQUE,128621,https://sede.mcu.gob.es/CatalogoICAA/Peliculas/Detalle?Pelicula=128621
EL ESPÍA INGLÉS,34221,https://sede.mcu.gob.es/CatalogoICAA/Peliculas/Detalle?Pelicula=34221
El Estado contra Pablo Ibar,181320,https://sede.mcu.gob.es/CatalogoICAA/Peliculas/Detalle?Pelicula=181320
EL FILL DE WINNETOU,6520,https://sede.mcu.gob.es/CatalogoICAA/Peliculas/Detalle?Pelicula=6520
EL FOTÓGRAFO DE MINAMATA,46321,https://sede.mcu.gob.es/CatalogoICAA/Peliculas/Detalle?Pelicula=46321
El giro,93720,https://sede.mcu.gob.es/CatalogoICAA/Peliculas/Detalle?Pelicula=93720
EL GLORIOSO CAOS DE LA VIDA,83620,https://sede.mcu.gob.es/CatalogoICAA/Peliculas/Detalle?Pelicula=83620
El gran hito,53420,https://sede.mcu.gob.es/CatalogoICAA/Peliculas/Detalle?Pelicula=53420
El guardián de acero,23021,https://sede.mcu.gob.es/CatalogoICAA/Peliculas/Detalle?Pelicula=23021
EL HECHIZO,8121,https://sede.mcu.gob.es/CatalogoICAA/Peliculas/Detalle?Pelicula=8121
El hijo predilecto,143420,https://sede.mcu.gob.es/CatalogoICAA/Peliculas/Detalle?Pelicula=143420
EL HOMBRE INVISIBLE,185019,https://sede.mcu.gob.es/CatalogoICAA/Peliculas/Detalle?Pelicula=185019
El hombre perfecto,114922,https://sede.mcu.gob.es/CatalogoICAA/Peliculas/Detalle?Pelicula=114922
El hombre que diseñó España,125018,https://sede.mcu.gob.es/CatalogoICAA/Peliculas/Detalle?Pelicula=125018
EL HOMBRE QUE PARABA EL TIEMPO,191520,https://sede.mcu.gob.es/CatalogoICAA/Peliculas/Detalle?Pelicula=191520
EL HOMBRE QUE VENDIÓ SU PIEL,19522,https://sede.mcu.gob.es/CatalogoICAA/Peliculas/Detalle?Pelicula=19522
El Inconveniente,61017,https://sede.mcu.gob.es/CatalogoICAA/Peliculas/Detalle?Pelicula=61017
EL INDOMABLE MODIGLIANI,8623,https://sede.mcu.gob.es/CatalogoICAA/Peliculas/Detalle?Pelicula=8623
EL INFORME AUSCHWITZ,22021,https://sede.mcu.gob.es/CatalogoICAA/Peliculas/Detalle?Pelicula=22021
EL INGREDIENTE SECRETO,77020,https://sede.mcu.gob.es/CatalogoICAA/Peliculas/Detalle?Pelicula=77020
El jardín secreto,10320,https://sede.mcu.gob.es/CatalogoICAA/Peliculas/Detalle?Pelicula=10320
EL JINETE DEL DRAGÓN,171320,https://sede.mcu.gob.es/CatalogoICAA/Peliculas/Detalle?Pelicula=171320
EL JOVEN DETECTIVE,3321,https://sede.mcu.gob.es/CatalogoICAA/Peliculas/Detalle?Pelicula=3321
EL JUICIO DE LOS 7 DE CHICAGO,153220,https://sede.mcu.gob.es/CatalogoICAA/Peliculas/Detalle?Pelicula=153220
El mártir,72217,https://sede.mcu.gob.es/CatalogoICAA/Peliculas/Detalle?Pelicula=72217
EL MÉDICO DE BUDAPEST,146321,https://sede.mcu.gob.es/CatalogoICAA/Peliculas/Detalle?Pelicula=146321
El método,130319,https://sede.mcu.gob.es/CatalogoICAA/Peliculas/Detalle?Pelicula=130319
El miramiento,105618,https://sede.mcu.gob.es/CatalogoICAA/Peliculas/Detalle?Pelicula=105618
El mismo día a la misma hora,53520,https://sede.mcu.gob.es/CatalogoICAA/Peliculas/Detalle?Pelicula=53520
EL NADAL D´HUG,2320,https://sede.mcu.gob.es/CatalogoICAA/Peliculas/Detalle?Pelicula=2320
El niño de fuego,126718,https://sede.mcu.gob.es/CatalogoICAA/Peliculas/Detalle?Pelicula=126718
El olvido que seremos,192720,https://sede.mcu.gob.es/CatalogoICAA/Peliculas/Detalle?Pelicula=192720
El padre,170220,https://sede.mcu.gob.es/CatalogoICAA/Peliculas/Detalle?Pelicula=170220
El país del extranjero,53919,https://sede.mcu.gob.es/CatalogoICAA/Peliculas/Detalle?Pelicula=53919
El paso de los Pirineos,54420,https://sede.mcu.gob.es/CatalogoICAA/Peliculas/Detalle?Pelicula=54420
EL TUBO,154321,https://sede.mcu.gob.es/CatalogoICAA/Peliculas/Detalle?Pelicula=154321
El último arquero,177417,https://sede.mcu.gob.es/CatalogoICAA/Peliculas/Detalle?Pelicula=177417
EL ULTIMO TREN,44820,https://sede.mcu.gob.es/CatalogoICAA/Peliculas/Detalle?Pelicula=44820
EL ULTIMO VERMEER,4521,https://sede.mcu.gob.es/CatalogoICAA/Peliculas/Detalle?Pelicula=4521
El verano que vivimos,145419,https://sede.mcu.gob.es/CatalogoICAA/Peliculas/Detalle?Pelicula=145419
El viaje de Javier Heraud,92016,https://sede.mcu.gob.es/CatalogoICAA/Peliculas/Detalle?Pelicula=92016
El viaje más largo,136118,https://sede.mcu.gob.es/CatalogoICAA/Peliculas/Detalle?Pelicula=136118
ELFKINS,179320,https://sede.mcu.gob.es/CatalogoICAA/Peliculas/Detalle?Pelicula=179320
Ella i jo,159220,https://sede.mcu.gob.es/CatalogoICAA/Peliculas/Detalle?Pelicula=159220
Ella y la oscuridad,54115,https://sede.mcu.gob.es/CatalogoICAA/Peliculas/Detalle?Pelicula=54115
Els que callen,157918,https://sede.mcu.gob.es/CatalogoICAA/Peliculas/Detalle?Pelicula=157918
EMMA.,197519,https://sede.mcu.gob.es/CatalogoICAA/Peliculas/Detalle?Pelicula=197519
Empalaos-Valverde de la Vera,30420,https://sede.mcu.gob.es/CatalogoICAA/Peliculas/Detalle?Pelicula=30420
En attendant mai,74919,https://sede.mcu.gob.es/CatalogoICAA/Peliculas/Detalle?Pelicula=74919
EN BUSCA DE SUMMERLAND,61120,https://sede.mcu.gob.es/CatalogoICAA/Peliculas/Detalle?Pelicula=61120
EN EL FILO,16222,https://sede.mcu.gob.es/CatalogoICAA/Peliculas/Detalle?Pelicula=16222
EN EL LLINDAR,226621,https://sede.mcu.gob.es/CatalogoICAA/Peliculas/Detalle?Pelicula=226621
EN GUERRA CON MI ABUELO,160920,https://sede.mcu.gob.es/CatalogoICAA/Peliculas/Detalle?Pelicula=160920
EN LA OSCURIDAD,32222,https://sede.mcu.gob.es/CatalogoICAA/Peliculas/Detalle?Pelicula=32222
EN LUCHA,122221,https://sede.mcu.gob.es/CatalogoICAA/Peliculas/Detalle?Pelicula=122221
En racha,152219,https://sede.mcu.gob.es/CatalogoICAA/Peliculas/Detalle?Pelicula=152219
ENAMÓRATE DE MÍ,49222,https://sede.mcu.gob.es/CatalogoICAA/Peliculas/Detalle?Pelicula=49222
Encarna,109020,https://sede.mcu.gob.es/CatalogoICAA/Peliculas/Detalle?Pelicula=109020
Enciende la luz,151818,https://sede.mcu.gob.es/CatalogoICAA/Peliculas/Detalle?Pelicula=151818
Endless Cinema,66318,https://sede.mcu.gob.es/CatalogoICAA/Peliculas/Detalle?Pelicula=66318
Entre el monte y la marisma,24120,https://sede.mcu.gob.es/CatalogoICAA/Peliculas/Detalle?Pelicula=24120
Entre la vida y la muerte,135020,https://sede.mcu.gob.es/CatalogoICAA/Peliculas/Detalle?Pelicula=135020
ENTRE ROSAS,145121,https://sede.mcu.gob.es/CatalogoICAA/Peliculas/Detalle?Pelicula=145121
ENVIDIA SANA,120921,https://sede.mcu.gob.es/CatalogoICAA/Peliculas/Detalle?Pelicula=120921
Equals,164918,https://sede.mcu.gob.es/CatalogoICAA/Peliculas/Detalle?Pelicula=164918
ERASE UNA VEZ EN VENEZUELA,12921,https://sede.mcu.gob.es/CatalogoICAA/Peliculas/Detalle?Pelicula=12921
Érase una vez...,147220,https://sede.mcu.gob.es/CatalogoICAA/Peliculas/Detalle?Pelicula=147220
Érem tres,154120,https://sede.mcu.gob.es/CatalogoICAA/Peliculas/Detalle?Pelicula=154120
Erlauntza-Enjambre,88720,https://sede.mcu.gob.es/CatalogoICAA/Peliculas/Detalle?Pelicula=88720
ERRANTES SIN RETORNO,122721,https://sede.mcu.gob.es/CatalogoICAA/Peliculas/Detalle?Pelicula=122721
Escola Estimada,42020,https://sede.mcu.gob.es/CatalogoICAA/Peliculas/Detalle?Pelicula=42020
Ese verano nos quedamos en casa,31420,https://sede.mcu.gob.es/CatalogoICAA/Peliculas/Detalle?Pelicula=31420
Esfinge Urbana,54119,https://sede.mcu.gob.es/CatalogoICAA/Peliculas/Detalle?Pelicula=54119
Eso que tú me das,146620,https://sede.mcu.gob.es/CatalogoICAA/Peliculas/Detalle?Pelicula=146620
ESPECIE OCULTA,141121,https://sede.mcu.gob.es/CatalogoICAA/Peliculas/Detalle?Pelicula=141121
ESPONTÁNEA,192420,https://sede.mcu.gob.es/CatalogoICAA/Peliculas/Detalle?Pelicula=192420
Está amaneciendo,118519,https://sede.mcu.gob.es/CatalogoICAA/Peliculas/Detalle?Pelicula=118519
Esta lluvia nunca cesará,32422,https://sede.mcu.gob.es/CatalogoICAA/Peliculas/Detalle?Pelicula=32422
"ESTABA EN CASA, PERO...",106720,https://sede.mcu.gob.es/CatalogoICAA/Peliculas/Detalle?Pelicula=106720
ESTADO IMPURO,197018,https://sede.mcu.gob.es/CatalogoICAA/Peliculas/Detalle?Pelicula=197018
Estándar,178919,https://sede.mcu.gob.es/CatalogoICAA/Peliculas/Detalle?Pelicula=178919
ESTE CUERPO ME SIENTA DE MUERTE,148120,https://sede.mcu.gob.es/CatalogoICAA/Peliculas/Detalle?Pelicula=148120
Eucaristía,43920,https://sede.mcu.gob.es/CatalogoICAA/Peliculas/Detalle?Pelicula=43920
EUROPA II,71420,https://sede.mcu.gob.es/CatalogoICAA/Peliculas/Detalle?Pelicula=71420
Explota Explota,150319,https://sede.mcu.gob.es/CatalogoICAA/Peliculas/Detalle?Pelicula=150319
Fabricando Mujeres 2.0,177220,https://sede.mcu.gob.es/CatalogoICAA/Peliculas/Detalle?Pelicula=177220
Faces,47120,https://sede.mcu.gob.es/CatalogoICAA/Peliculas/Detalle?Pelicula=47120
Facunda,120219,https://sede.mcu.gob.es/CatalogoICAA/Peliculas/Detalle?Pelicula=120219
Faith,149318,https://sede.mcu.gob.es/CatalogoICAA/Peliculas/Detalle?Pelicula=149318
FALLING,141820,https://sede.mcu.gob.es/CatalogoICAA/Peliculas/Detalle?Pelicula=141820
Familias,103019,https://sede.mcu.gob.es/CatalogoICAA/Peliculas/Detalle?Pelicula=103019
Farrucas,116319,https://sede.mcu.gob.es/CatalogoICAA/Peliculas/Detalle?Pelicula=116319
FASE 5,154720,https://sede.mcu.gob.es/CatalogoICAA/Peliculas/Detalle?Pelicula=154720
Feardom,38720,https://sede.mcu.gob.es/CatalogoICAA/Peliculas/Detalle?Pelicula=38720
FELIZ DESAHUCIO,196919,https://sede.mcu.gob.es/CatalogoICAA/Peliculas/Detalle?Pelicula=196919
Fellini de los espiritus,175520,https://sede.mcu.gob.es/CatalogoICAA/Peliculas/Detalle?Pelicula=175520
Fenomenal,187919,https://sede.mcu.gob.es/CatalogoICAA/Peliculas/Detalle?Pelicula=187919
FERIDA OBERTA,32220,https://sede.mcu.gob.es/CatalogoICAA/Peliculas/Detalle?Pelicula=32220
Fernández Pratsch,113019,https://sede.mcu.gob.es/CatalogoICAA/Peliculas/Detalle?Pelicula=113019
Ferrotipos,102719,https://sede.mcu.gob.es/CatalogoICAA/Peliculas/Detalle?Pelicula=102719
FET I AMAGAR,26923,https://sede.mcu.gob.es/CatalogoICAA/Peliculas/Detalle?Pelicula=26923
Figurante,116620,https://sede.mcu.gob.es/CatalogoICAA/Peliculas/Detalle?Pelicula=116620
"FINALES, PRINCIPIOS",171120,https://sede.mcu.gob.es/CatalogoICAA/Peliculas/Detalle?Pelicula=171120
FINCA DEL GATO,39720,https://sede.mcu.gob.es/CatalogoICAA/Peliculas/Detalle?Pelicula=39720
Finca règia,49620,https://sede.mcu.gob.es/CatalogoICAA/Peliculas/Detalle?Pelicula=49620
FIRST LOVE,9220,https://sede.mcu.gob.es/CatalogoICAA/Peliculas/Detalle?Pelicula=9220
Flick of the finger,78420,https://sede.mcu.gob.es/CatalogoICAA/Peliculas/Detalle?Pelicula=78420
Forastera,116919,https://sede.mcu.gob.es/CatalogoICAA/Peliculas/Detalle?Pelicula=116919
"FORMENTOR, EL MAR DE LAS PALABRAS",163719,https://sede.mcu.gob.es/CatalogoICAA/Peliculas/Detalle?Pelicula=163719
FOSC,28720,https://sede.mcu.gob.es/CatalogoICAA/Peliculas/Detalle?Pelicula=28720
FRAGMENTOS,32120,https://sede.mcu.gob.es/CatalogoICAA/Peliculas/Detalle?Pelicula=32120
Free Color,189721,https://sede.mcu.gob.es/CatalogoICAA/Peliculas/Detalle?Pelicula=189721
FRENCH EXIT,116321,https://sede.mcu.gob.es/CatalogoICAA/Peliculas/Detalle?Pelicula=116321
Fritzi: Un conte revolucionari,164820,https://sede.mcu.gob.es/CatalogoICAA/Peliculas/Detalle?Pelicula=164820
Fronteras,111819,https://sede.mcu.gob.es/CatalogoICAA/Peliculas/Detalle?Pelicula=111819
Fuel,25919,https://sede.mcu.gob.es/CatalogoICAA/Peliculas/Detalle?Pelicula=25919
Furtivo,14620,https://sede.mcu.gob.es/CatalogoICAA/Peliculas/Detalle?Pelicula=14620
Gagarin. Pionero del espacio,50420,https://sede.mcu.gob.es/CatalogoICAA/Peliculas/Detalle?Pelicula=50420
GAGARINE,41622,https://sede.mcu.gob.es/CatalogoICAA/Peliculas/Detalle?Pelicula=41622
Gaka,150520,https://sede.mcu.gob.es/CatalogoICAA/Peliculas/Detalle?Pelicula=150520
García y García,158619,https://sede.mcu.gob.es/CatalogoICAA/Peliculas/Detalle?Pelicula=158619
GAZA MON AMOUR,125021,https://sede.mcu.gob.es/CatalogoICAA/Peliculas/Detalle?Pelicula=125021
GENERACION Y,182620,https://sede.mcu.gob.es/CatalogoICAA/Peliculas/Detalle?Pelicula=182620
Geometría poética,9320,https://sede.mcu.gob.es/CatalogoICAA/Peliculas/Detalle?Pelicula=9320
GHOSTS,118821,https://sede.mcu.gob.es/CatalogoICAA/Peliculas/Detalle?Pelicula=118821
Gigi 33,145018,https://sede.mcu.gob.es/CatalogoICAA/Peliculas/Detalle?Pelicula=145018
Girant per Sant Antoni,53920,https://sede.mcu.gob.es/CatalogoICAA/Peliculas/Detalle?Pelicula=53920
Glassboy,99723,https://sede.mcu.gob.es/CatalogoICAA/Peliculas/Detalle?Pelicula=99723
Godot,169420,https://sede.mcu.gob.es/CatalogoICAA/Peliculas/Detalle?Pelicula=169420
Gorria,48320,https://sede.mcu.gob.es/CatalogoICAA/Peliculas/Detalle?Pelicula=48320
Gran Premio,176519,https://sede.mcu.gob.es/CatalogoICAA/Peliculas/Detalle?Pelicula=176519
Guerra de mentiras (Curveball),13021,https://sede.mcu.gob.es/CatalogoICAA/Peliculas/Detalle?Pelicula=13021
GUNDA,59221,https://sede.mcu.gob.es/CatalogoICAA/Peliculas/Detalle?Pelicula=59221
Hasta el cielo,178918,https://sede.mcu.gob.es/CatalogoICAA/Peliculas/Detalle?Pelicula=178918
HE,146518,https://sede.mcu.gob.es/CatalogoICAA/Peliculas/Detalle?Pelicula=146518
Helena,66020,https://sede.mcu.gob.es/CatalogoICAA/Peliculas/Detalle?Pelicula=66020
"Helia, memoria del Stanbrook",114820,https://sede.mcu.gob.es/CatalogoICAA/Peliculas/Detalle?Pelicula=114820
Hemen. Gaur. Berriz,165320,https://sede.mcu.gob.es/CatalogoICAA/Peliculas/Detalle?Pelicula=165320
HERBERT,195019,https://sede.mcu.gob.es/CatalogoICAA/Peliculas/Detalle?Pelicula=195019
Herencia,20619,https://sede.mcu.gob.es/CatalogoICAA/Peliculas/Detalle?Pelicula=20619
HERETGES,145318,https://sede.mcu.gob.es/CatalogoICAA/Peliculas/Detalle?Pelicula=145318
HERMANOS DE SANGRE,136521,https://sede.mcu.gob.es/CatalogoICAA/Peliculas/Detalle?Pelicula=136521
HERMETICO,110620,https://sede.mcu.gob.es/CatalogoICAA/Peliculas/Detalle?Pelicula=110620
HEROPANTI 2,82722,https://sede.mcu.gob.es/CatalogoICAA/Peliculas/Detalle?Pelicula=82722
HERRI KIROLAK,186018,https://sede.mcu.gob.es/CatalogoICAA/Peliculas/Detalle?Pelicula=186018
HIJOS DEL SOL,41121,https://sede.mcu.gob.es/CatalogoICAA/Peliculas/Detalle?Pelicula=41121
Hil Kanpaiak,148719,https://sede.mcu.gob.es/CatalogoICAA/Peliculas/Detalle?Pelicula=148719
"HILLBILLY, UNA ELEGÍA RURAL",174520,https://sede.mcu.gob.es/CatalogoICAA/Peliculas/Detalle?Pelicula=174520
Historias de Toilette,520,https://sede.mcu.gob.es/CatalogoICAA/Peliculas/Detalle?Pelicula=520
Historias lamentables,152319,https://sede.mcu.gob.es/CatalogoICAA/Peliculas/Detalle?Pelicula=152319
Homeless Home,58819,https://sede.mcu.gob.es/CatalogoICAA/Peliculas/Detalle?Pelicula=58819
Hondale,32520,https://sede.mcu.gob.es/CatalogoICAA/Peliculas/Detalle?Pelicula=32520
HOST,187420,https://sede.mcu.gob.es/CatalogoICAA/Peliculas/Detalle?Pelicula=187420
HOSTE,47420,https://sede.mcu.gob.es/CatalogoICAA/Peliculas/Detalle?Pelicula=47420
HUG AL PAÍS DELS ELFS,9820,https://sede.mcu.gob.es/CatalogoICAA/Peliculas/Detalle?Pelicula=9820
HUIDAS Y AUSENCIAS,48014,https://sede.mcu.gob.es/CatalogoICAA/Peliculas/Detalle?Pelicula=48014
Human Trash,69320,https://sede.mcu.gob.es/CatalogoICAA/Peliculas/Detalle?Pelicula=69320
I AM HAITI,153116,https://sede.mcu.gob.es/CatalogoICAA/Peliculas/Detalle?Pelicula=153116
I CARE A LOT,35821,https://sede.mcu.gob.es/CatalogoICAA/Peliculas/Detalle?Pelicula=35821
I don´t think it´s going to rain,15820,https://sede.mcu.gob.es/CatalogoICAA/Peliculas/Detalle?Pelicula=15820
I NEVER CRY (YO NUNCA LLORO),213421,https://sede.mcu.gob.es/CatalogoICAA/Peliculas/Detalle?Pelicula=213421
Idle,44220,https://sede.mcu.gob.es/CatalogoICAA/Peliculas/Detalle?Pelicula=44220
"IGLOOLIK, un conte real",54120,https://sede.mcu.gob.es/CatalogoICAA/Peliculas/Detalle?Pelicula=54120
Il talento del calabrone,38819,https://sede.mcu.gob.es/CatalogoICAA/Peliculas/Detalle?Pelicula=38819
Ilargi Guztiak. Todas las lunas,146319,https://sede.mcu.gob.es/CatalogoICAA/Peliculas/Detalle?Pelicula=146319
IMAGINARIO,59620,https://sede.mcu.gob.es/CatalogoICAA/Peliculas/Detalle?Pelicula=59620
Incendios,45220,https://sede.mcu.gob.es/CatalogoICAA/Peliculas/Detalle?Pelicula=45220
Influencer,159819,https://sede.mcu.gob.es/CatalogoICAA/Peliculas/Detalle?Pelicula=159819
Ingrid,61920,https://sede.mcu.gob.es/CatalogoICAA/Peliculas/Detalle?Pelicula=61920
INMUNE,193420,https://sede.mcu.gob.es/CatalogoICAA/Peliculas/Detalle?Pelicula=193420
Innermost,159318,https://sede.mcu.gob.es/CatalogoICAA/Peliculas/Detalle?Pelicula=159318
Inocencia,8020,https://sede.mcu.gob.es/CatalogoICAA/Peliculas/Detalle?Pelicula=8020
INTER NOS,160819,https://sede.mcu.gob.es/CatalogoICAA/Peliculas/Detalle?Pelicula=160819
Interior Taxi Noche,107919,https://sede.mcu.gob.es/CatalogoICAA/Peliculas/Detalle?Pelicula=107919
Intermedio,155018,https://sede.mcu.gob.es/CatalogoICAA/Peliculas/Detalle?Pelicula=155018
INTRODUCTION,18522,https://sede.mcu.gob.es/CatalogoICAA/Peliculas/Detalle?Pelicula=18522
IP MAN 4: EL FINAL,59220,https://sede.mcu.gob.es/CatalogoICAA/Peliculas/Detalle?Pelicula=59220
IPdentity,44420,https://sede.mcu.gob.es/CatalogoICAA/Peliculas/Detalle?Pelicula=44420
Iris,101519,https://sede.mcu.gob.es/CatalogoICAA/Peliculas/Detalle?Pelicula=101519
La Línea: La Sombra del Narco,84820,https://sede.mcu.gob.es/CatalogoICAA/Peliculas/Detalle?Pelicula=84820
LA LLAMADA DE LO SALVAJE,191219,https://sede.mcu.gob.es/CatalogoICAA/Peliculas/Detalle?Pelicula=191219
La Llegenda de Longwood,2420,https://sede.mcu.gob.es/CatalogoICAA/Peliculas/Detalle?Pelicula=2420
La mancha negra,69806,https://sede.mcu.gob.es/CatalogoICAA/Peliculas/Detalle?Pelicula=69806
La meva mare és pura pluja,211921,https://sede.mcu.gob.es/CatalogoICAA/Peliculas/Detalle?Pelicula=211921
LA MEVA VIDA A VESALLES,212121,https://sede.mcu.gob.es/CatalogoICAA/Peliculas/Detalle?Pelicula=212121
La mort de Guillem,149720,https://sede.mcu.gob.es/CatalogoICAA/Peliculas/Detalle?Pelicula=149720
La muerte de Oso,13020,https://sede.mcu.gob.es/CatalogoICAA/Peliculas/Detalle?Pelicula=13020
LA MUJER DEL ESPIA,26321,https://sede.mcu.gob.es/CatalogoICAA/Peliculas/Detalle?Pelicula=26321
La mujer del siglo XXI,48919,https://sede.mcu.gob.es/CatalogoICAA/Peliculas/Detalle?Pelicula=48919
LA MUJER QUE ESCAPÓ,146421,https://sede.mcu.gob.es/CatalogoICAA/Peliculas/Detalle?Pelicula=146421
LA NOCHE DE LOS REYES,152321,https://sede.mcu.gob.es/CatalogoICAA/Peliculas/Detalle?Pelicula=152321
La noche del cocodrilo,197320,https://sede.mcu.gob.es/CatalogoICAA/Peliculas/Detalle?Pelicula=197320
La Nova Escola,3319,https://sede.mcu.gob.es/CatalogoICAA/Peliculas/Detalle?Pelicula=3319
LA NOVENA PROFECÍA,131921,https://sede.mcu.gob.es/CatalogoICAA/Peliculas/Detalle?Pelicula=131921
LA NUBE,34821,https://sede.mcu.gob.es/CatalogoICAA/Peliculas/Detalle?Pelicula=34821
La odisea de Vasi,41119,https://sede.mcu.gob.es/CatalogoICAA/Peliculas/Detalle?Pelicula=41119
La pasión en el arte,10520,https://sede.mcu.gob.es/CatalogoICAA/Peliculas/Detalle?Pelicula=10520
La Penumbra,8920,https://sede.mcu.gob.es/CatalogoICAA/Peliculas/Detalle?Pelicula=8920
LA PIEDRA,94820,https://sede.mcu.gob.es/CatalogoICAA/Peliculas/Detalle?Pelicula=94820
La piel fina,174619,https://sede.mcu.gob.es/CatalogoICAA/Peliculas/Detalle?Pelicula=174619
LA PINTORA Y EL LADRÓN,7621,https://sede.mcu.gob.es/CatalogoICAA/Peliculas/Detalle?Pelicula=7621
LA PISCINA,38620,https://sede.mcu.gob.es/CatalogoICAA/Peliculas/Detalle?Pelicula=38620
LA PUERTA DE AL LADO,198521,https://sede.mcu.gob.es/CatalogoICAA/Peliculas/Detalle?Pelicula=198521
Marta juega sola,155820,https://sede.mcu.gob.es/CatalogoICAA/Peliculas/Detalle?Pelicula=155820
Matar a Pinochet,115616,https://sede.mcu.gob.es/CatalogoICAA/Peliculas/Detalle?Pelicula=115616
Mates aplicadas,6320,https://sede.mcu.gob.es/CatalogoICAA/Peliculas/Detalle?Pelicula=6320
Memoria,165718,https://sede.mcu.gob.es/CatalogoICAA/Peliculas/Detalle?Pelicula=165718
MENS,155524,https://sede.mcu.gob.es/CatalogoICAA/Peliculas/Detalle?Pelicula=155524
Menú equivocado,149209,https://sede.mcu.gob.es/CatalogoICAA/Peliculas/Detalle?Pelicula=149209
Mi amigo Pony,188220,https://sede.mcu.gob.es/CatalogoICAA/Peliculas/Detalle?Pelicula=188220
Mi gran despedida,38917,https://sede.mcu.gob.es/CatalogoICAA/Peliculas/Detalle?Pelicula=38917
Mi hermano persigue dinosaurios,15919,https://sede.mcu.gob.es/CatalogoICAA/Peliculas/Detalle?Pelicula=15919
Mi navidad con Bob,186621,https://sede.mcu.gob.es/CatalogoICAA/Peliculas/Detalle?Pelicula=186621
Mi nombre es Koji,10620,https://sede.mcu.gob.es/CatalogoICAA/Peliculas/Detalle?Pelicula=10620
Mi Pequeño Gran Samurái,180420,https://sede.mcu.gob.es/CatalogoICAA/Peliculas/Detalle?Pelicula=180420
MI PEQUEÑO LEÓN BLANCO,201822,https://sede.mcu.gob.es/CatalogoICAA/Peliculas/Detalle?Pelicula=201822
Mi Primo,196220,https://sede.mcu.gob.es/CatalogoICAA/Peliculas/Detalle?Pelicula=196220
MIGUEL ÁNGEL (EL PECADO),37722,https://sede.mcu.gob.es/CatalogoICAA/Peliculas/Detalle?Pelicula=37722
Mina y el Mundo de los Sueños,39220,https://sede.mcu.gob.es/CatalogoICAA/Peliculas/Detalle?Pelicula=39220
"MINARI, HISTORIA DE MI FAMILIA",6721,https://sede.mcu.gob.es/CatalogoICAA/Peliculas/Detalle?Pelicula=6721
MINIONS: EL ORIGEN DE GRU,13420,https://sede.mcu.gob.es/CatalogoICAA/Peliculas/Detalle?Pelicula=13420
Minotauro,195519,https://sede.mcu.gob.es/CatalogoICAA/Peliculas/Detalle?Pelicula=195519
Mírame,209022,https://sede.mcu.gob.es/CatalogoICAA/Peliculas/Detalle?Pelicula=209022
MIS FUNCIONES SECRETAS,161121,https://sede.mcu.gob.es/CatalogoICAA/Peliculas/Detalle?Pelicula=161121
MISS MARX,119021,https://sede.mcu.gob.es/CatalogoICAA/Peliculas/Detalle?Pelicula=119021
MISTERIO EN SAINT-TROPEZ,153921,https://sede.mcu.gob.es/CatalogoICAA/Peliculas/Detalle?Pelicula=153921
Mixtape: Caminando entre aulas,142520,https://sede.mcu.gob.es/CatalogoICAA/Peliculas/Detalle?Pelicula=142520
La banyera,12820,https://sede.mcu.gob.es/CatalogoICAA/Peliculas/Detalle?Pelicula=12820
La boda de Rosa,138919,https://sede.mcu.gob.es/CatalogoICAA/Peliculas/Detalle?Pelicula=138919
La casa del caracol,152819,https://sede.mcu.gob.es/CatalogoICAA/Peliculas/Detalle?Pelicula=152819
La danza del dragón,2718,https://sede.mcu.gob.es/CatalogoICAA/Peliculas/Detalle?Pelicula=2718
La diosa Fortuna,59320,https://sede.mcu.gob.es/CatalogoICAA/Peliculas/Detalle?Pelicula=59320
La distancia,71918,https://sede.mcu.gob.es/CatalogoICAA/Peliculas/Detalle?Pelicula=71918
La dona il·legal,19419,https://sede.mcu.gob.es/CatalogoICAA/Peliculas/Detalle?Pelicula=19419
LA ESTACION DE LA FELICIDAD,183920,https://sede.mcu.gob.es/CatalogoICAA/Peliculas/Detalle?Pelicula=183920
LA FAMILIA BIGFOOT,172420,https://sede.mcu.gob.es/CatalogoICAA/Peliculas/Detalle?Pelicula=172420
LA FAMILIA BLOOM,141021,https://sede.mcu.gob.es/CatalogoICAA/Peliculas/Detalle?Pelicula=141021
La farmacia Ballesteros,178620,https://sede.mcu.gob.es/CatalogoICAA/Peliculas/Detalle?Pelicula=178620
LA FULLA (LEAF),8521,https://sede.mcu.gob.es/CatalogoICAA/Peliculas/Detalle?Pelicula=8521
LA GALERIA DE LOS CORAZONES ROTOS,180820,https://sede.mcu.gob.es/CatalogoICAA/Peliculas/Detalle?Pelicula=180820
La gallinita ciega,38319,https://sede.mcu.gob.es/CatalogoICAA/Peliculas/Detalle?Pelicula=38319
La Guacha,3720,https://sede.mcu.gob.es/CatalogoICAA/Peliculas/Detalle?Pelicula=3720
La guerra oculta de Franco,189820,https://sede.mcu.gob.es/CatalogoICAA/Peliculas/Detalle?Pelicula=189820
La herencia,63120,https://sede.mcu.gob.es/CatalogoICAA/Peliculas/Detalle?Pelicula=63120
LA HISTORIA DE MI MUJER,192621,https://sede.mcu.gob.es/CatalogoICAA/Peliculas/Detalle?Pelicula=192621
La hoguera,16820,https://sede.mcu.gob.es/CatalogoICAA/Peliculas/Detalle?Pelicula=16820
La huella de la pantera,156520,https://sede.mcu.gob.es/CatalogoICAA/Peliculas/Detalle?Pelicula=156520
La Huérfana: Primer Asesinato,146222,https://sede.mcu.gob.es/CatalogoICAA/Peliculas/Detalle?Pelicula=146222
La inmortalidad de las letras,184520,https://sede.mcu.gob.es/CatalogoICAA/Peliculas/Detalle?Pelicula=184520
La isla de las mentiras,35518,https://sede.mcu.gob.es/CatalogoICAA/Peliculas/Detalle?Pelicula=35518
La libertad es una palabra grande,2218,https://sede.mcu.gob.es/CatalogoICAA/Peliculas/Detalle?Pelicula=2218
Luz Verde,75618,https://sede.mcu.gob.es/CatalogoICAA/Peliculas/Detalle?Pelicula=75618
M.O.M.,151718,https://sede.mcu.gob.es/CatalogoICAA/Peliculas/Detalle?Pelicula=151718
Madame Curie,168220,https://sede.mcu.gob.es/CatalogoICAA/Peliculas/Detalle?Pelicula=168220
MADRES VERDADERAS,146921,https://sede.mcu.gob.es/CatalogoICAA/Peliculas/Detalle?Pelicula=146921
Madriz,55420,https://sede.mcu.gob.es/CatalogoICAA/Peliculas/Detalle?Pelicula=55420
Maite,177520,https://sede.mcu.gob.es/CatalogoICAA/Peliculas/Detalle?Pelicula=177520
Malang,10020,https://sede.mcu.gob.es/CatalogoICAA/Peliculas/Detalle?Pelicula=10020
Malasaña 32,129619,https://sede.mcu.gob.es/CatalogoICAA/Peliculas/Detalle?Pelicula=129619
MALDITA JUNGLA,122521,https://sede.mcu.gob.es/CatalogoICAA/Peliculas/Detalle?Pelicula=122521
"Malinche, un musical de Nacho Cano",95119,https://sede.mcu.gob.es/CatalogoICAA/Peliculas/Detalle?Pelicula=95119
Malmkrog,178521,https://sede.mcu.gob.es/CatalogoICAA/Peliculas/Detalle?Pelicula=178521
Malnazidos,49019,https://sede.mcu.gob.es/CatalogoICAA/Peliculas/Detalle?Pelicula=49019
MAMÁ MARÍA,1821,https://sede.mcu.gob.es/CatalogoICAA/Peliculas/Detalle?Pelicula=1821
Mamá o Papá,53020,https://sede.mcu.gob.es/CatalogoICAA/Peliculas/Detalle?Pelicula=53020
Mamá te quiere,24620,https://sede.mcu.gob.es/CatalogoICAA/Peliculas/Detalle?Pelicula=24620
MANDÍBULAS,186820,https://sede.mcu.gob.es/CatalogoICAA/Peliculas/Detalle?Pelicula=186820
MANK,170120,https://sede.mcu.gob.es/CatalogoICAA/Peliculas/Detalle?Pelicula=170120
Manual de la buena esposa,75320,https://sede.mcu.gob.es/CatalogoICAA/Peliculas/Detalle?Pelicula=75320
Maragall y la Luna,106418,https://sede.mcu.gob.es/CatalogoICAA/Peliculas/Detalle?Pelicula=106418
MARCOS,113819,https://sede.mcu.gob.es/CatalogoICAA/Peliculas/Detalle?Pelicula=113819
Mare,46520,https://sede.mcu.gob.es/CatalogoICAA/Peliculas/Detalle?Pelicula=46520
Marhuenda,107020,https://sede.mcu.gob.es/CatalogoICAA/Peliculas/Detalle?Pelicula=107020
María Solinha,85219,https://sede.mcu.gob.es/CatalogoICAA/Peliculas/Detalle?Pelicula=85219
Marionetas,7120,https://sede.mcu.gob.es/CatalogoICAA/Peliculas/Detalle?Pelicula=7120
Loco por ella,157720,https://sede.mcu.gob.es/CatalogoICAA/Peliculas/Detalle?Pelicula=157720
Lolas,6018,https://sede.mcu.gob.es/CatalogoICAA/Peliculas/Detalle?Pelicula=6018
Los amantes,121322,https://sede.mcu.gob.es/CatalogoICAA/Peliculas/Detalle?Pelicula=121322
Los campos magnéticos,127219,https://sede.mcu.gob.es/CatalogoICAA/Peliculas/Detalle?Pelicula=127219
LOS CROODS: UNA NUEVA ERA,156220,https://sede.mcu.gob.es/CatalogoICAA/Peliculas/Detalle?Pelicula=156220
Los destellos de la memoria,1720,https://sede.mcu.gob.es/CatalogoICAA/Peliculas/Detalle?Pelicula=1720
Los días que pasan,42920,https://sede.mcu.gob.es/CatalogoICAA/Peliculas/Detalle?Pelicula=42920
Los europeos,52714,https://sede.mcu.gob.es/CatalogoICAA/Peliculas/Detalle?Pelicula=52714
Los hijos de San Luis,198019,https://sede.mcu.gob.es/CatalogoICAA/Peliculas/Detalle?Pelicula=198019
Los honores,110916,https://sede.mcu.gob.es/CatalogoICAA/Peliculas/Detalle?Pelicula=110916
Los niños de la Guerra Fría,33020,https://sede.mcu.gob.es/CatalogoICAA/Peliculas/Detalle?Pelicula=33020
Los no lugares,176120,https://sede.mcu.gob.es/CatalogoICAA/Peliculas/Detalle?Pelicula=176120
LOS NUEVOS MUTANTES,177917,https://sede.mcu.gob.es/CatalogoICAA/Peliculas/Detalle?Pelicula=177917
Los olvidables,152919,https://sede.mcu.gob.es/CatalogoICAA/Peliculas/Detalle?Pelicula=152919
LOS TRADUCTORES,193120,https://sede.mcu.gob.es/CatalogoICAA/Peliculas/Detalle?Pelicula=193120
Los visitantes de la noche,53720,https://sede.mcu.gob.es/CatalogoICAA/Peliculas/Detalle?Pelicula=53720
Love Ajj Kal 2,14320,https://sede.mcu.gob.es/CatalogoICAA/Peliculas/Detalle?Pelicula=14320
Love Palace,56420,https://sede.mcu.gob.es/CatalogoICAA/Peliculas/Detalle?Pelicula=56420
LOVF,145218,https://sede.mcu.gob.es/CatalogoICAA/Peliculas/Detalle?Pelicula=145218
Lúa vermella,78515,https://sede.mcu.gob.es/CatalogoICAA/Peliculas/Detalle?Pelicula=78515
Luciérnaga (Un día en la oscuridad),320,https://sede.mcu.gob.es/CatalogoICAA/Peliculas/Detalle?Pelicula=320
Ludwig y Johanna,182619,https://sede.mcu.gob.es/CatalogoICAA/Peliculas/Detalle?Pelicula=182619
Luna,161518,https://sede.mcu.gob.es/CatalogoICAA/Peliculas/Detalle?Pelicula=161518
Lux Aeterna,165620,https://sede.mcu.gob.es/CatalogoICAA/Peliculas/Detalle?Pelicula=165620
LAS APARIENCIAS,141221,https://sede.mcu.gob.es/CatalogoICAA/Peliculas/Detalle?Pelicula=141221
LAS BRUJAS de Roald Dhal,149120,https://sede.mcu.gob.es/CatalogoICAA/Peliculas/Detalle?Pelicula=149120
Las grietas,20620,https://sede.mcu.gob.es/CatalogoICAA/Peliculas/Detalle?Pelicula=20620
LAS HERMANAS MACALUSO,20222,https://sede.mcu.gob.es/CatalogoICAA/Peliculas/Detalle?Pelicula=20222
LAS HERMANAS MÁGICAS,32123,https://sede.mcu.gob.es/CatalogoICAA/Peliculas/Detalle?Pelicula=32123
Las Infantas,153718,https://sede.mcu.gob.es/CatalogoICAA/Peliculas/Detalle?Pelicula=153718
Las llamas del sol,30619,https://sede.mcu.gob.es/CatalogoICAA/Peliculas/Detalle?Pelicula=30619
Las Malditas,40220,https://sede.mcu.gob.es/CatalogoICAA/Peliculas/Detalle?Pelicula=40220
Las manos,108320,https://sede.mcu.gob.es/CatalogoICAA/Peliculas/Detalle?Pelicula=108320
LAS REINAS DE LOS CUPONES,14722,https://sede.mcu.gob.es/CatalogoICAA/Peliculas/Detalle?Pelicula=14722
LASSIE VUELVE A CASA,120424,https://sede.mcu.gob.es/CatalogoICAA/Peliculas/Detalle?Pelicula=120424
Lazos,74420,https://sede.mcu.gob.es/CatalogoICAA/Peliculas/Detalle?Pelicula=74420
LAZOS,153021,https://sede.mcu.gob.es/CatalogoICAA/Peliculas/Detalle?Pelicula=153021
Lea,67020,https://sede.mcu.gob.es/CatalogoICAA/Peliculas/Detalle?Pelicula=67020
Les dues nits d´ahir,66119,https://sede.mcu.gob.es/CatalogoICAA/Peliculas/Detalle?Pelicula=66119
LIGHT AS FEATHERS,150720,https://sede.mcu.gob.es/CatalogoICAA/Peliculas/Detalle?Pelicula=150720
Límites,68620,https://sede.mcu.gob.es/CatalogoICAA/Peliculas/Detalle?Pelicula=68620
LINDES,106820,https://sede.mcu.gob.es/CatalogoICAA/Peliculas/Detalle?Pelicula=106820
L'Intrús,156218,https://sede.mcu.gob.es/CatalogoICAA/Peliculas/Detalle?Pelicula=156218
Living with Gaudí,163820,https://sede.mcu.gob.es/CatalogoICAA/Peliculas/Detalle?Pelicula=163820
LLOP GRAN I LLOP PETIT,20820,https://sede.mcu.gob.es/CatalogoICAA/Peliculas/Detalle?Pelicula=20820
Lo efímero,117919,https://sede.mcu.gob.es/CatalogoICAA/Peliculas/Detalle?Pelicula=117919
Lobster Soup,113518,https://sede.mcu.gob.es/CatalogoICAA/Peliculas/Detalle?Pelicula=113518
Loca,104719,https://sede.mcu.gob.es/CatalogoICAA/Peliculas/Detalle?Pelicula=104719
LA PURGA: INFINITA,126021,https://sede.mcu.gob.es/CatalogoICAA/Peliculas/Detalle?Pelicula=126021
La receta del equilibrio,203919,https://sede.mcu.gob.es/CatalogoICAA/Peliculas/Detalle?Pelicula=203919
LA REINA DE LES NEUS,11420,https://sede.mcu.gob.es/CatalogoICAA/Peliculas/Detalle?Pelicula=11420
La sangre es blanca,185820,https://sede.mcu.gob.es/CatalogoICAA/Peliculas/Detalle?Pelicula=185820
La sangre seca,95218,https://sede.mcu.gob.es/CatalogoICAA/Peliculas/Detalle?Pelicula=95218
La santa de lo imposible,184422,https://sede.mcu.gob.es/CatalogoICAA/Peliculas/Detalle?Pelicula=184422
La tardor de la historia,66920,https://sede.mcu.gob.es/CatalogoICAA/Peliculas/Detalle?Pelicula=66920
LA TITA MARI,65420,https://sede.mcu.gob.es/CatalogoICAA/Peliculas/Detalle?Pelicula=65420
La Última Apuesta,74120,https://sede.mcu.gob.es/CatalogoICAA/Peliculas/Detalle?Pelicula=74120
LA ÚLTIMA GRAN ESTAFA,185520,https://sede.mcu.gob.es/CatalogoICAA/Peliculas/Detalle?Pelicula=185520
La última Guardia,172120,https://sede.mcu.gob.es/CatalogoICAA/Peliculas/Detalle?Pelicula=172120
La vampira de Barcelona,106918,https://sede.mcu.gob.es/CatalogoICAA/Peliculas/Detalle?Pelicula=106918
La vella lluita,158618,https://sede.mcu.gob.es/CatalogoICAA/Peliculas/Detalle?Pelicula=158618
La vida con Williams,29320,https://sede.mcu.gob.es/CatalogoICAA/Peliculas/Detalle?Pelicula=29320
LA VIDA DE LOS DEMÁS,192520,https://sede.mcu.gob.es/CatalogoICAA/Peliculas/Detalle?Pelicula=192520
La vida era eso,157911,https://sede.mcu.gob.es/CatalogoICAA/Peliculas/Detalle?Pelicula=157911
LA VIDA POR DELANTE,174720,https://sede.mcu.gob.es/CatalogoICAA/Peliculas/Detalle?Pelicula=174720
LA VIDA SECRETA DE LOS ÁRBOLES,187321,https://sede.mcu.gob.es/CatalogoICAA/Peliculas/Detalle?Pelicula=187321
La Visita,12520,https://sede.mcu.gob.es/CatalogoICAA/Peliculas/Detalle?Pelicula=12520
La voz humana,66820,https://sede.mcu.gob.es/CatalogoICAA/Peliculas/Detalle?Pelicula=66820
LABIOS SELLADOS,211522,https://sede.mcu.gob.es/CatalogoICAA/Peliculas/Detalle?Pelicula=211522
LAGO DOS NENOS,153720,https://sede.mcu.gob.es/CatalogoICAA/Peliculas/Detalle?Pelicula=153720
LALLA AICHA,178017,https://sede.mcu.gob.es/CatalogoICAA/Peliculas/Detalle?Pelicula=178017
Lanbroa,24819,https://sede.mcu.gob.es/CatalogoICAA/Peliculas/Detalle?Pelicula=24819
ISABELLA,74921,https://sede.mcu.gob.es/CatalogoICAA/Peliculas/Detalle?Pelicula=74921
JAQUEMATRUMP,45117,https://sede.mcu.gob.es/CatalogoICAA/Peliculas/Detalle?Pelicula=45117
JAUME I 25 ANYS DESPRÈS,49820,https://sede.mcu.gob.es/CatalogoICAA/Peliculas/Detalle?Pelicula=49820
JINETES DE LA JUSTICIA,142621,https://sede.mcu.gob.es/CatalogoICAA/Peliculas/Detalle?Pelicula=142621
Jo ta ke,111919,https://sede.mcu.gob.es/CatalogoICAA/Peliculas/Detalle?Pelicula=111919
JOC DE NENS,151520,https://sede.mcu.gob.es/CatalogoICAA/Peliculas/Detalle?Pelicula=151520
JOE BELL,211121,https://sede.mcu.gob.es/CatalogoICAA/Peliculas/Detalle?Pelicula=211121
Jorge Cabezas is back!,46220,https://sede.mcu.gob.es/CatalogoICAA/Peliculas/Detalle?Pelicula=46220
Jorge retrato de un volcán,18120,https://sede.mcu.gob.es/CatalogoICAA/Peliculas/Detalle?Pelicula=18120
Joseba Cruz,144520,https://sede.mcu.gob.es/CatalogoICAA/Peliculas/Detalle?Pelicula=144520
"JOSEE, EL TIGRE Y LOS PECES",154421,https://sede.mcu.gob.es/CatalogoICAA/Peliculas/Detalle?Pelicula=154421
Josep,165520,https://sede.mcu.gob.es/CatalogoICAA/Peliculas/Detalle?Pelicula=165520
Judas y el Mesías Negro,24221,https://sede.mcu.gob.es/CatalogoICAA/Peliculas/Detalle?Pelicula=24221
JUGUETES DE TERROR,190521,https://sede.mcu.gob.es/CatalogoICAA/Peliculas/Detalle?Pelicula=190521
Julieteta,114519,https://sede.mcu.gob.es/CatalogoICAA/Peliculas/Detalle?Pelicula=114519
KARNAWAL,170423,https://sede.mcu.gob.es/CatalogoICAA/Peliculas/Detalle?Pelicula=170423
Kiss Me Malibu,71020,https://sede.mcu.gob.es/CatalogoICAA/Peliculas/Detalle?Pelicula=71020
Klaus,173620,https://sede.mcu.gob.es/CatalogoICAA/Peliculas/Detalle?Pelicula=173620
Ktulu: Regreso al Sótano,182820,https://sede.mcu.gob.es/CatalogoICAA/Peliculas/Detalle?Pelicula=182820
Kuartk Valley,63217,https://sede.mcu.gob.es/CatalogoICAA/Peliculas/Detalle?Pelicula=63217
L´Estrany,157319,https://sede.mcu.gob.es/CatalogoICAA/Peliculas/Detalle?Pelicula=157319
L´ofrena,65216,https://sede.mcu.gob.es/CatalogoICAA/Peliculas/Detalle?Pelicula=65216
L’OCELLET I LES ABELLES,32221,https://sede.mcu.gob.es/CatalogoICAA/Peliculas/Detalle?Pelicula=32221
LA ABEJA MAYA Y EL ORBE DORADO,50821,https://sede.mcu.gob.es/CatalogoICAA/Peliculas/Detalle?Pelicula=50821
Moderna,199918,https://sede.mcu.gob.es/CatalogoICAA/Peliculas/Detalle?Pelicula=199918
Monte Bravo,33420,https://sede.mcu.gob.es/CatalogoICAA/Peliculas/Detalle?Pelicula=33420
Monumental,188319,https://sede.mcu.gob.es/CatalogoICAA/Peliculas/Detalle?Pelicula=188319
MOTHERS,197721,https://sede.mcu.gob.es/CatalogoICAA/Peliculas/Detalle?Pelicula=197721
MOVIMIENTO CONTINUO,73020,https://sede.mcu.gob.es/CatalogoICAA/Peliculas/Detalle?Pelicula=73020
MR. HAND SOLO,165919,https://sede.mcu.gob.es/CatalogoICAA/Peliculas/Detalle?Pelicula=165919
Muerte de un nadador,95820,https://sede.mcu.gob.es/CatalogoICAA/Peliculas/Detalle?Pelicula=95820
MUERTE DE UN TELEOPERADOR,217321,https://sede.mcu.gob.es/CatalogoICAA/Peliculas/Detalle?Pelicula=217321
MUERTE EN EL NILO,135520,https://sede.mcu.gob.es/CatalogoICAA/Peliculas/Detalle?Pelicula=135520
Mujer(es)Mujer,155220,https://sede.mcu.gob.es/CatalogoICAA/Peliculas/Detalle?Pelicula=155220
MULÁN,132219,https://sede.mcu.gob.es/CatalogoICAA/Peliculas/Detalle?Pelicula=132219
My Mexican Bretzel,94620,https://sede.mcu.gob.es/CatalogoICAA/Peliculas/Detalle?Pelicula=94620
Nación,177620,https://sede.mcu.gob.es/CatalogoICAA/Peliculas/Detalle?Pelicula=177620
"Nadia, mariposa",191822,https://sede.mcu.gob.es/CatalogoICAA/Peliculas/Detalle?Pelicula=191822
NADIE,179820,https://sede.mcu.gob.es/CatalogoICAA/Peliculas/Detalle?Pelicula=179820
NARCISO Y GOLDMUNDO,3621,https://sede.mcu.gob.es/CatalogoICAA/Peliculas/Detalle?Pelicula=3621
NATALIO KM.10,92019,https://sede.mcu.gob.es/CatalogoICAA/Peliculas/Detalle?Pelicula=92019
Ni de coña,156820,https://sede.mcu.gob.es/CatalogoICAA/Peliculas/Detalle?Pelicula=156820
Nieva en Benidorm,157519,https://sede.mcu.gob.es/CatalogoICAA/Peliculas/Detalle?Pelicula=157519
Nigandik,154620,https://sede.mcu.gob.es/CatalogoICAA/Peliculas/Detalle?Pelicula=154620
NIKOLINA,136916,https://sede.mcu.gob.es/CatalogoICAA/Peliculas/Detalle?Pelicula=136916
Nine Days,8922,https://sede.mcu.gob.es/CatalogoICAA/Peliculas/Detalle?Pelicula=8922
NIÑA,20421,https://sede.mcu.gob.es/CatalogoICAA/Peliculas/Detalle?Pelicula=20421
Niños somos todos,69015,https://sede.mcu.gob.es/CatalogoICAA/Peliculas/Detalle?Pelicula=69015
Península,74620,https://sede.mcu.gob.es/CatalogoICAA/Peliculas/Detalle?Pelicula=74620
Pentimento,102019,https://sede.mcu.gob.es/CatalogoICAA/Peliculas/Detalle?Pelicula=102019
PEQUEÑO PAÍS,31021,https://sede.mcu.gob.es/CatalogoICAA/Peliculas/Detalle?Pelicula=31021
PEQUEÑO PEZ,32621,https://sede.mcu.gob.es/CatalogoICAA/Peliculas/Detalle?Pelicula=32621
PEQUEÑOS DETALLES,194120,https://sede.mcu.gob.es/CatalogoICAA/Peliculas/Detalle?Pelicula=194120
Perdón,7520,https://sede.mcu.gob.es/CatalogoICAA/Peliculas/Detalle?Pelicula=7520
"PÉREZ ARROYO, ÀNIMA D´ANIMADOR",106319,https://sede.mcu.gob.es/CatalogoICAA/Peliculas/Detalle?Pelicula=106319
PERSONAL ASSISTANT,49320,https://sede.mcu.gob.es/CatalogoICAA/Peliculas/Detalle?Pelicula=49320
Pessoas,69217,https://sede.mcu.gob.es/CatalogoICAA/Peliculas/Detalle?Pelicula=69217
PETER RABBIT 2: A LA FUGA,173419,https://sede.mcu.gob.es/CatalogoICAA/Peliculas/Detalle?Pelicula=173419
PIG,11322,https://sede.mcu.gob.es/CatalogoICAA/Peliculas/Detalle?Pelicula=11322
PKU Protein Kills Us,18820,https://sede.mcu.gob.es/CatalogoICAA/Peliculas/Detalle?Pelicula=18820
Placebo,12920,https://sede.mcu.gob.es/CatalogoICAA/Peliculas/Detalle?Pelicula=12920
Places,113320,https://sede.mcu.gob.es/CatalogoICAA/Peliculas/Detalle?Pelicula=113320
Planeta 5000,65217,https://sede.mcu.gob.es/CatalogoICAA/Peliculas/Detalle?Pelicula=65217
Playa Chica,57320,https://sede.mcu.gob.es/CatalogoICAA/Peliculas/Detalle?Pelicula=57320
PLEASURE,177621,https://sede.mcu.gob.es/CatalogoICAA/Peliculas/Detalle?Pelicula=177621
"Poeta y el espia, El",188320,https://sede.mcu.gob.es/CatalogoICAA/Peliculas/Detalle?Pelicula=188320
POLICE,39821,https://sede.mcu.gob.es/CatalogoICAA/Peliculas/Detalle?Pelicula=39821
Polvo somos,155920,https://sede.mcu.gob.es/CatalogoICAA/Peliculas/Detalle?Pelicula=155920
POPULAR,182021,https://sede.mcu.gob.es/CatalogoICAA/Peliculas/Detalle?Pelicula=182021
Postre,175619,https://sede.mcu.gob.es/CatalogoICAA/Peliculas/Detalle?Pelicula=175619
Pozo,84719,https://sede.mcu.gob.es/CatalogoICAA/Peliculas/Detalle?Pelicula=84719
Proceso de selección,184019,https://sede.mcu.gob.es/CatalogoICAA/Peliculas/Detalle?Pelicula=184019
Ons,82717,https://sede.mcu.gob.es/CatalogoICAA/Peliculas/Detalle?Pelicula=82717
ONWARD,86019,https://sede.mcu.gob.es/CatalogoICAA/Peliculas/Detalle?Pelicula=86019
Operación Camarón,56519,https://sede.mcu.gob.es/CatalogoICAA/Peliculas/Detalle?Pelicula=56519
Orígenes secretos,165116,https://sede.mcu.gob.es/CatalogoICAA/Peliculas/Detalle?Pelicula=165116
ORO ROJO,73320,https://sede.mcu.gob.es/CatalogoICAA/Peliculas/Detalle?Pelicula=73320
Otra Ronda,19421,https://sede.mcu.gob.es/CatalogoICAA/Peliculas/Detalle?Pelicula=19421
OUTSIDE NOISE,57022,https://sede.mcu.gob.es/CatalogoICAA/Peliculas/Detalle?Pelicula=57022
Oxígeno,72820,https://sede.mcu.gob.es/CatalogoICAA/Peliculas/Detalle?Pelicula=72820
Pa trás ni pa tomar impulso,47119,https://sede.mcu.gob.es/CatalogoICAA/Peliculas/Detalle?Pelicula=47119
PACÍFICO SUR,45820,https://sede.mcu.gob.es/CatalogoICAA/Peliculas/Detalle?Pelicula=45820
Palabra de Capitán,36920,https://sede.mcu.gob.es/CatalogoICAA/Peliculas/Detalle?Pelicula=36920
PALABRAS EN LAS PAREDES DEL BAÑO,3221,https://sede.mcu.gob.es/CatalogoICAA/Peliculas/Detalle?Pelicula=3221
Palabras para un fin del mundo,88919,https://sede.mcu.gob.es/CatalogoICAA/Peliculas/Detalle?Pelicula=88919
PALM SPRINGS,39221,https://sede.mcu.gob.es/CatalogoICAA/Peliculas/Detalle?Pelicula=39221
PALMERA SECA,140218,https://sede.mcu.gob.es/CatalogoICAA/Peliculas/Detalle?Pelicula=140218
Panda vs. Aliens,23120,https://sede.mcu.gob.es/CatalogoICAA/Peliculas/Detalle?Pelicula=23120
PARA TODA LA VIDA,178720,https://sede.mcu.gob.es/CatalogoICAA/Peliculas/Detalle?Pelicula=178720
Paraiso,25720,https://sede.mcu.gob.es/CatalogoICAA/Peliculas/Detalle?Pelicula=25720
Paraíso en llamas,80717,https://sede.mcu.gob.es/CatalogoICAA/Peliculas/Detalle?Pelicula=80717
Parajes,106920,https://sede.mcu.gob.es/CatalogoICAA/Peliculas/Detalle?Pelicula=106920
PASOS PERDIDOS,109420,https://sede.mcu.gob.es/CatalogoICAA/Peliculas/Detalle?Pelicula=109420
Paternidad,35519,https://sede.mcu.gob.es/CatalogoICAA/Peliculas/Detalle?Pelicula=35519
Patxi,7320,https://sede.mcu.gob.es/CatalogoICAA/Peliculas/Detalle?Pelicula=7320
Peckinpah Suite,77120,https://sede.mcu.gob.es/CatalogoICAA/Peliculas/Detalle?Pelicula=77120
NIRE ZIRKUA,117222,https://sede.mcu.gob.es/CatalogoICAA/Peliculas/Detalle?Pelicula=117222
Nitram,146622,https://sede.mcu.gob.es/CatalogoICAA/Peliculas/Detalle?Pelicula=146622
No es cierto,7420,https://sede.mcu.gob.es/CatalogoICAA/Peliculas/Detalle?Pelicula=7420
No nacimos refugiados,126519,https://sede.mcu.gob.es/CatalogoICAA/Peliculas/Detalle?Pelicula=126519
No odiarás,164721,https://sede.mcu.gob.es/CatalogoICAA/Peliculas/Detalle?Pelicula=164721
No podrás volver nunca,109519,https://sede.mcu.gob.es/CatalogoICAA/Peliculas/Detalle?Pelicula=109519
Nola,127115,https://sede.mcu.gob.es/CatalogoICAA/Peliculas/Detalle?Pelicula=127115
NOMADLAND,195820,https://sede.mcu.gob.es/CatalogoICAA/Peliculas/Detalle?Pelicula=195820
NON ME ESPERA NINGUÉN,147820,https://sede.mcu.gob.es/CatalogoICAA/Peliculas/Detalle?Pelicula=147820
Nos salvará la risa,193720,https://sede.mcu.gob.es/CatalogoICAA/Peliculas/Detalle?Pelicula=193720
Nosotros,100819,https://sede.mcu.gob.es/CatalogoICAA/Peliculas/Detalle?Pelicula=100819
Nuevo orden,191720,https://sede.mcu.gob.es/CatalogoICAA/Peliculas/Detalle?Pelicula=191720
Nunca es tarde,192419,https://sede.mcu.gob.es/CatalogoICAA/Peliculas/Detalle?Pelicula=192419
Nunca te dejé sola,162118,https://sede.mcu.gob.es/CatalogoICAA/Peliculas/Detalle?Pelicula=162118
NUNCA VOLVERÁ A NEVAR,75321,https://sede.mcu.gob.es/CatalogoICAA/Peliculas/Detalle?Pelicula=75321
OBJET TROUVÉ,41920,https://sede.mcu.gob.es/CatalogoICAA/Peliculas/Detalle?Pelicula=41920
Occidente,50213,https://sede.mcu.gob.es/CatalogoICAA/Peliculas/Detalle?Pelicula=50213
Oculto,77114,https://sede.mcu.gob.es/CatalogoICAA/Peliculas/Detalle?Pelicula=77114
ODDBALL,2020,https://sede.mcu.gob.es/CatalogoICAA/Peliculas/Detalle?Pelicula=2020
OECONOMIA,38021,https://sede.mcu.gob.es/CatalogoICAA/Peliculas/Detalle?Pelicula=38021
OFELIA,5821,https://sede.mcu.gob.es/CatalogoICAA/Peliculas/Detalle?Pelicula=5821
OLDIE BUT GOLDIE,138319,https://sede.mcu.gob.es/CatalogoICAA/Peliculas/Detalle?Pelicula=138319
ONDINA,164420,https://sede.mcu.gob.es/CatalogoICAA/Peliculas/Detalle?Pelicula=164420
One 2 one,68320,https://sede.mcu.gob.es/CatalogoICAA/Peliculas/Detalle?Pelicula=68320
PRÓXIMA CENTAURI II,11219,https://sede.mcu.gob.es/CatalogoICAA/Peliculas/Detalle?Pelicula=11219
"Psicofonías, las voces desconocidas",1420,https://sede.mcu.gob.es/CatalogoICAA/Peliculas/Detalle?Pelicula=1420
Puenting,185716,https://sede.mcu.gob.es/CatalogoICAA/Peliculas/Detalle?Pelicula=185716
PULLMAN,112218,https://sede.mcu.gob.es/CatalogoICAA/Peliculas/Detalle?Pelicula=112218
PUPPET MASTER V: CAPÍTULO FINAL,18920,https://sede.mcu.gob.es/CatalogoICAA/Peliculas/Detalle?Pelicula=18920
QUANTIC SELFPORTRAIT,22120,https://sede.mcu.gob.es/CatalogoICAA/Peliculas/Detalle?Pelicula=22120
QUÈ ÉS L’AMOR?,151820,https://sede.mcu.gob.es/CatalogoICAA/Peliculas/Detalle?Pelicula=151820
QUE NADIE SE ENTERE,128021,https://sede.mcu.gob.es/CatalogoICAA/Peliculas/Detalle?Pelicula=128021
QUE PASA CUANDO ERES ADULTO,21020,https://sede.mcu.gob.es/CatalogoICAA/Peliculas/Detalle?Pelicula=21020
Quebrantos,150620,https://sede.mcu.gob.es/CatalogoICAA/Peliculas/Detalle?Pelicula=150620
QUÉDATE EN CASA,188921,https://sede.mcu.gob.es/CatalogoICAA/Peliculas/Detalle?Pelicula=188921
QUERIDO EVAN HANSEN,164021,https://sede.mcu.gob.es/CatalogoICAA/Peliculas/Detalle?Pelicula=164021
QUERIDOS VECINOS,124621,https://sede.mcu.gob.es/CatalogoICAA/Peliculas/Detalle?Pelicula=124621
Quiero contarte algo,152619,https://sede.mcu.gob.es/CatalogoICAA/Peliculas/Detalle?Pelicula=152619
Quismat 2,182821,https://sede.mcu.gob.es/CatalogoICAA/Peliculas/Detalle?Pelicula=182821
"QUO VADIS, AIDA?",35021,https://sede.mcu.gob.es/CatalogoICAA/Peliculas/Detalle?Pelicula=35021
RAFAEL AL DESCUBIERTO,22023,https://sede.mcu.gob.es/CatalogoICAA/Peliculas/Detalle?Pelicula=22023
RAMADÁN,88320,https://sede.mcu.gob.es/CatalogoICAA/Peliculas/Detalle?Pelicula=88320
RAMS,37121,https://sede.mcu.gob.es/CatalogoICAA/Peliculas/Detalle?Pelicula=37121
Ratones Intrépidos,33820,https://sede.mcu.gob.es/CatalogoICAA/Peliculas/Detalle?Pelicula=33820
REBECA,156720,https://sede.mcu.gob.es/CatalogoICAA/Peliculas/Detalle?Pelicula=156720
Reboiras. Acción e corazón,146920,https://sede.mcu.gob.es/CatalogoICAA/Peliculas/Detalle?Pelicula=146920
RED ROCKET,8122,https://sede.mcu.gob.es/CatalogoICAA/Peliculas/Detalle?Pelicula=8122
Reflejo,144918,https://sede.mcu.gob.es/CatalogoICAA/Peliculas/Detalle?Pelicula=144918
SIN TIEMPO PARA AMAR,34923,https://sede.mcu.gob.es/CatalogoICAA/Peliculas/Detalle?Pelicula=34923
SIN TIEMPO PARA MORIR,199219,https://sede.mcu.gob.es/CatalogoICAA/Peliculas/Detalle?Pelicula=199219
Sintra III,64413,https://sede.mcu.gob.es/CatalogoICAA/Peliculas/Detalle?Pelicula=64413
Sirenas de cristal,121521,https://sede.mcu.gob.es/CatalogoICAA/Peliculas/Detalle?Pelicula=121521
SLALOM,23422,https://sede.mcu.gob.es/CatalogoICAA/Peliculas/Detalle?Pelicula=23422
SNOWBALL,63919,https://sede.mcu.gob.es/CatalogoICAA/Peliculas/Detalle?Pelicula=63919
SOCIETAT NEGRA,80320,https://sede.mcu.gob.es/CatalogoICAA/Peliculas/Detalle?Pelicula=80320
SOLEPANDEMIAS,53220,https://sede.mcu.gob.es/CatalogoICAA/Peliculas/Detalle?Pelicula=53220
SOLEPANDEMIAS 2,58320,https://sede.mcu.gob.es/CatalogoICAA/Peliculas/Detalle?Pelicula=58320
"Sonic, la película",70119,https://sede.mcu.gob.es/CatalogoICAA/Peliculas/Detalle?Pelicula=70119
Sooryavanshi,26820,https://sede.mcu.gob.es/CatalogoICAA/Peliculas/Detalle?Pelicula=26820
Sospechosos bajo el telón,139719,https://sede.mcu.gob.es/CatalogoICAA/Peliculas/Detalle?Pelicula=139719
SPIRAL: SAW,13120,https://sede.mcu.gob.es/CatalogoICAA/Peliculas/Detalle?Pelicula=13120
SPIRITWALKER,219521,https://sede.mcu.gob.es/CatalogoICAA/Peliculas/Detalle?Pelicula=219521
"Spitsbergen, o Gardián do Ártico",161320,https://sede.mcu.gob.es/CatalogoICAA/Peliculas/Detalle?Pelicula=161320
Spyglass,172519,https://sede.mcu.gob.es/CatalogoICAA/Peliculas/Detalle?Pelicula=172519
Stanbrook,160618,https://sede.mcu.gob.es/CatalogoICAA/Peliculas/Detalle?Pelicula=160618
STANO,75220,https://sede.mcu.gob.es/CatalogoICAA/Peliculas/Detalle?Pelicula=75220
Star Rock,79620,https://sede.mcu.gob.es/CatalogoICAA/Peliculas/Detalle?Pelicula=79620
STONEWALL,151920,https://sede.mcu.gob.es/CatalogoICAA/Peliculas/Detalle?Pelicula=151920
Street dancer,5720,https://sede.mcu.gob.es/CatalogoICAA/Peliculas/Detalle?Pelicula=5720
Su Rider,28120,https://sede.mcu.gob.es/CatalogoICAA/Peliculas/Detalle?Pelicula=28120
Sufna,12420,https://sede.mcu.gob.es/CatalogoICAA/Peliculas/Detalle?Pelicula=12420
SUPER MEGA PEQUE GUAY,83022,https://sede.mcu.gob.es/CatalogoICAA/Peliculas/Detalle?Pelicula=83022
Salvo el Crepúsculo,109319,https://sede.mcu.gob.es/CatalogoICAA/Peliculas/Detalle?Pelicula=109319
Sanmao: la novia del desierto,45315,https://sede.mcu.gob.es/CatalogoICAA/Peliculas/Detalle?Pelicula=45315
Savasana,64619,https://sede.mcu.gob.es/CatalogoICAA/Peliculas/Detalle?Pelicula=64619
Scare Package,162120,https://sede.mcu.gob.es/CatalogoICAA/Peliculas/Detalle?Pelicula=162120
Scooby-Doo! La Leyenda de Scoobydur,14921,https://sede.mcu.gob.es/CatalogoICAA/Peliculas/Detalle?Pelicula=14921
Scotland,144720,https://sede.mcu.gob.es/CatalogoICAA/Peliculas/Detalle?Pelicula=144720
SEGRELLES. IL·LUSTRADOR UNIVERSAL,150415,https://sede.mcu.gob.es/CatalogoICAA/Peliculas/Detalle?Pelicula=150415
SENDEROS DE HONOR,11820,https://sede.mcu.gob.es/CatalogoICAA/Peliculas/Detalle?Pelicula=11820
SENSE POSTRE,115819,https://sede.mcu.gob.es/CatalogoICAA/Peliculas/Detalle?Pelicula=115819
Sentimental,177718,https://sede.mcu.gob.es/CatalogoICAA/Peliculas/Detalle?Pelicula=177718
Sergi & Irina,117719,https://sede.mcu.gob.es/CatalogoICAA/Peliculas/Detalle?Pelicula=117719
Sevillanas de Brooklyn,178718,https://sede.mcu.gob.es/CatalogoICAA/Peliculas/Detalle?Pelicula=178718
Shanghai brillava entre línies,175820,https://sede.mcu.gob.es/CatalogoICAA/Peliculas/Detalle?Pelicula=175820
She dies tomorrow,165420,https://sede.mcu.gob.es/CatalogoICAA/Peliculas/Detalle?Pelicula=165420
SHORTA. EL PESO DE LA LEY,76621,https://sede.mcu.gob.es/CatalogoICAA/Peliculas/Detalle?Pelicula=76621
Shubh Mangal Zyada Saavdhan,14520,https://sede.mcu.gob.es/CatalogoICAA/Peliculas/Detalle?Pelicula=14520
Sí quiero,169719,https://sede.mcu.gob.es/CatalogoICAA/Peliculas/Detalle?Pelicula=169719
SIEMPRE CONTIGO,157021,https://sede.mcu.gob.es/CatalogoICAA/Peliculas/Detalle?Pelicula=157021
Siempre es otoño,61220,https://sede.mcu.gob.es/CatalogoICAA/Peliculas/Detalle?Pelicula=61220
SIERVOS,89821,https://sede.mcu.gob.es/CatalogoICAA/Peliculas/Detalle?Pelicula=89821
SILK ROAD: ATRAPADO EN LA DARK WEB,140121,https://sede.mcu.gob.es/CatalogoICAA/Peliculas/Detalle?Pelicula=140121
Sin Filtro,38619,https://sede.mcu.gob.es/CatalogoICAA/Peliculas/Detalle?Pelicula=38619
SIN RUMBO,5721,https://sede.mcu.gob.es/CatalogoICAA/Peliculas/Detalle?Pelicula=5721
Sin señas particulares,181720,https://sede.mcu.gob.es/CatalogoICAA/Peliculas/Detalle?Pelicula=181720
THE KLINTS,36620,https://sede.mcu.gob.es/CatalogoICAA/Peliculas/Detalle?Pelicula=36620
The lion,56520,https://sede.mcu.gob.es/CatalogoICAA/Peliculas/Detalle?Pelicula=56520
The Mystery of the Pink Flamingo,52319,https://sede.mcu.gob.es/CatalogoICAA/Peliculas/Detalle?Pelicula=52319
THE NIGHT HOUSE,132521,https://sede.mcu.gob.es/CatalogoICAA/Peliculas/Detalle?Pelicula=132521
THE OWNERS (LOS PROPIETARIOS),12321,https://sede.mcu.gob.es/CatalogoICAA/Peliculas/Detalle?Pelicula=12321
THE RIVER,32720,https://sede.mcu.gob.es/CatalogoICAA/Peliculas/Detalle?Pelicula=32720
THE SILENCING,168020,https://sede.mcu.gob.es/CatalogoICAA/Peliculas/Detalle?Pelicula=168020
THE WAY BACK,82720,https://sede.mcu.gob.es/CatalogoICAA/Peliculas/Detalle?Pelicula=82720
THE WORLD TO COME,45421,https://sede.mcu.gob.es/CatalogoICAA/Peliculas/Detalle?Pelicula=45421
There will be monsters,120119,https://sede.mcu.gob.es/CatalogoICAA/Peliculas/Detalle?Pelicula=120119
TIBURON BLANCO,18021,https://sede.mcu.gob.es/CatalogoICAA/Peliculas/Detalle?Pelicula=18021
Tierra de leche y miel,89318,https://sede.mcu.gob.es/CatalogoICAA/Peliculas/Detalle?Pelicula=89318
Tierra Salvaje,23321,https://sede.mcu.gob.es/CatalogoICAA/Peliculas/Detalle?Pelicula=23321
TINA,20321,https://sede.mcu.gob.es/CatalogoICAA/Peliculas/Detalle?Pelicula=20321
Toc,77520,https://sede.mcu.gob.es/CatalogoICAA/Peliculas/Detalle?Pelicula=77520
Todo el mundo tiene porno en casa,40120,https://sede.mcu.gob.es/CatalogoICAA/Peliculas/Detalle?Pelicula=40120
TODOS HABLAN DE JAMIE,172620,https://sede.mcu.gob.es/CatalogoICAA/Peliculas/Detalle?Pelicula=172620
TOKYO REVENGERS,24722,https://sede.mcu.gob.es/CatalogoICAA/Peliculas/Detalle?Pelicula=24722
Tom et Marie,49920,https://sede.mcu.gob.es/CatalogoICAA/Peliculas/Detalle?Pelicula=49920
TOM Y JERRY,169920,https://sede.mcu.gob.es/CatalogoICAA/Peliculas/Detalle?Pelicula=169920
"TQ, ZORRA",9620,https://sede.mcu.gob.es/CatalogoICAA/Peliculas/Detalle?Pelicula=9620
TRANCE,74219,https://sede.mcu.gob.es/CatalogoICAA/Peliculas/Detalle?Pelicula=74219
TRASH,206421,https://sede.mcu.gob.es/CatalogoICAA/Peliculas/Detalle?Pelicula=206421
TRASTO,203019,https://sede.mcu.gob.es/CatalogoICAA/Peliculas/Detalle?Pelicula=203019
Superagente Makey,64719,https://sede.mcu.gob.es/CatalogoICAA/Peliculas/Detalle?Pelicula=64719
SUPERDOWN,39020,https://sede.mcu.gob.es/CatalogoICAA/Peliculas/Detalle?Pelicula=39020
Superman: El hombre del mañana,19921,https://sede.mcu.gob.es/CatalogoICAA/Peliculas/Detalle?Pelicula=19921
SUPERNOVA,94821,https://sede.mcu.gob.es/CatalogoICAA/Peliculas/Detalle?Pelicula=94821
Superwoman,28820,https://sede.mcu.gob.es/CatalogoICAA/Peliculas/Detalle?Pelicula=28820
Surcos,173719,https://sede.mcu.gob.es/CatalogoICAA/Peliculas/Detalle?Pelicula=173719
Survivers,172719,https://sede.mcu.gob.es/CatalogoICAA/Peliculas/Detalle?Pelicula=172719
SWEAT,56121,https://sede.mcu.gob.es/CatalogoICAA/Peliculas/Detalle?Pelicula=56121
"SWING, LA VIDA DE UN SECRETO",107518,https://sede.mcu.gob.es/CatalogoICAA/Peliculas/Detalle?Pelicula=107518
Synchronic. Los límites del tiempo.,39121,https://sede.mcu.gob.es/CatalogoICAA/Peliculas/Detalle?Pelicula=39121
Tabira,108120,https://sede.mcu.gob.es/CatalogoICAA/Peliculas/Detalle?Pelicula=108120
TAILOR (El Sastre),7722,https://sede.mcu.gob.es/CatalogoICAA/Peliculas/Detalle?Pelicula=7722
Tanhaji,720,https://sede.mcu.gob.es/CatalogoICAA/Peliculas/Detalle?Pelicula=720
TARADOS,18620,https://sede.mcu.gob.es/CatalogoICAA/Peliculas/Detalle?Pelicula=18620
Te estaré esperando,41620,https://sede.mcu.gob.es/CatalogoICAA/Peliculas/Detalle?Pelicula=41620
TE LLEVO CONMIGO,158221,https://sede.mcu.gob.es/CatalogoICAA/Peliculas/Detalle?Pelicula=158221
Tenedores y violines,186720,https://sede.mcu.gob.es/CatalogoICAA/Peliculas/Detalle?Pelicula=186720
TENET,200619,https://sede.mcu.gob.es/CatalogoICAA/Peliculas/Detalle?Pelicula=200619
Terra de telers,188419,https://sede.mcu.gob.es/CatalogoICAA/Peliculas/Detalle?Pelicula=188419
"Terremoto, el documental",186120,https://sede.mcu.gob.es/CatalogoICAA/Peliculas/Detalle?Pelicula=186120
The End Will Be Spectacular,161919,https://sede.mcu.gob.es/CatalogoICAA/Peliculas/Detalle?Pelicula=161919
THE GLORIAS,179220,https://sede.mcu.gob.es/CatalogoICAA/Peliculas/Detalle?Pelicula=179220
THE GOOD TRAITOR,122821,https://sede.mcu.gob.es/CatalogoICAA/Peliculas/Detalle?Pelicula=122821
THE KING´S MAN: LA PRIMERA MISIÓN,148619,https://sede.mcu.gob.es/CatalogoICAA/Peliculas/Detalle?Pelicula=148619
Refugio,11520,https://sede.mcu.gob.es/CatalogoICAA/Peliculas/Detalle?Pelicula=11520
RELATOS CON-FIN-A-DOS,45620,https://sede.mcu.gob.es/CatalogoICAA/Peliculas/Detalle?Pelicula=45620
Relic,165020,https://sede.mcu.gob.es/CatalogoICAA/Peliculas/Detalle?Pelicula=165020
Remedios,48420,https://sede.mcu.gob.es/CatalogoICAA/Peliculas/Detalle?Pelicula=48420
REMINISCENCIA,142821,https://sede.mcu.gob.es/CatalogoICAA/Peliculas/Detalle?Pelicula=142821
Renaceres,68020,https://sede.mcu.gob.es/CatalogoICAA/Peliculas/Detalle?Pelicula=68020
Reserve,46120,https://sede.mcu.gob.es/CatalogoICAA/Peliculas/Detalle?Pelicula=46120
RESISTENCIA,13220,https://sede.mcu.gob.es/CatalogoICAA/Peliculas/Detalle?Pelicula=13220
RESPECT,163921,https://sede.mcu.gob.es/CatalogoICAA/Peliculas/Detalle?Pelicula=163921
REVELADO EMOCIONAL,58520,https://sede.mcu.gob.es/CatalogoICAA/Peliculas/Detalle?Pelicula=58520
Revelando a Mario,38320,https://sede.mcu.gob.es/CatalogoICAA/Peliculas/Detalle?Pelicula=38320
RICOCHET. RETRATO DE UNA VENGANZA,8323,https://sede.mcu.gob.es/CatalogoICAA/Peliculas/Detalle?Pelicula=8323
Rifkin´s Festival,134819,https://sede.mcu.gob.es/CatalogoICAA/Peliculas/Detalle?Pelicula=134819
RIZI/DAYS,124421,https://sede.mcu.gob.es/CatalogoICAA/Peliculas/Detalle?Pelicula=124421
Roberto,151018,https://sede.mcu.gob.es/CatalogoICAA/Peliculas/Detalle?Pelicula=151018
Rocky,184319,https://sede.mcu.gob.es/CatalogoICAA/Peliculas/Detalle?Pelicula=184319
Rol & Rol,16119,https://sede.mcu.gob.es/CatalogoICAA/Peliculas/Detalle?Pelicula=16119
ROMPIENDO LAS NORMAS,47620,https://sede.mcu.gob.es/CatalogoICAA/Peliculas/Detalle?Pelicula=47620
Rosalinda,108518,https://sede.mcu.gob.es/CatalogoICAA/Peliculas/Detalle?Pelicula=108518
Rutina: la prohibición,47820,https://sede.mcu.gob.es/CatalogoICAA/Peliculas/Detalle?Pelicula=47820
Saba,13720,https://sede.mcu.gob.es/CatalogoICAA/Peliculas/Detalle?Pelicula=13720
Saber Perder,63920,https://sede.mcu.gob.es/CatalogoICAA/Peliculas/Detalle?Pelicula=63920
Salir de aquí,11119,https://sede.mcu.gob.es/CatalogoICAA/Peliculas/Detalle?Pelicula=11119
Salvaje,62820,https://sede.mcu.gob.es/CatalogoICAA/Peliculas/Detalle?Pelicula=62820
Tres veces,158218,https://sede.mcu.gob.es/CatalogoICAA/Peliculas/Detalle?Pelicula=158218
TROLLS 2 GIRA MUNDIAL,191319,https://sede.mcu.gob.es/CatalogoICAA/Peliculas/Detalle?Pelicula=191319
TUNDAMA Y EL TEMPLO DEL SOL,213821,https://sede.mcu.gob.es/CatalogoICAA/Peliculas/Detalle?Pelicula=213821
Ulisses,108920,https://sede.mcu.gob.es/CatalogoICAA/Peliculas/Detalle?Pelicula=108920
ULL A ULL,160719,https://sede.mcu.gob.es/CatalogoICAA/Peliculas/Detalle?Pelicula=160719
Umbral,103816,https://sede.mcu.gob.es/CatalogoICAA/Peliculas/Detalle?Pelicula=103816
Umbrellas,162718,https://sede.mcu.gob.es/CatalogoICAA/Peliculas/Detalle?Pelicula=162718
UN DIA CUALQUIERA,48114,https://sede.mcu.gob.es/CatalogoICAA/Peliculas/Detalle?Pelicula=48114
UN DIVÁN EN TÚNEZ,21520,https://sede.mcu.gob.es/CatalogoICAA/Peliculas/Detalle?Pelicula=21520
UN ESPÍRITU BURLÓN,146821,https://sede.mcu.gob.es/CatalogoICAA/Peliculas/Detalle?Pelicula=146821
Un gran Salto para la Humanidad,75720,https://sede.mcu.gob.es/CatalogoICAA/Peliculas/Detalle?Pelicula=75720
UN HOMBRE LOBO ENTRE NOSOTROS,175421,https://sede.mcu.gob.es/CatalogoICAA/Peliculas/Detalle?Pelicula=175421
Un lío inesperado,87322,https://sede.mcu.gob.es/CatalogoICAA/Peliculas/Detalle?Pelicula=87322
UN LUGAR TRANQUILO 2,203719,https://sede.mcu.gob.es/CatalogoICAA/Peliculas/Detalle?Pelicula=203719
UN MAL MENOR,35419,https://sede.mcu.gob.es/CatalogoICAA/Peliculas/Detalle?Pelicula=35419
UN NUEVO COMIENZO,29720,https://sede.mcu.gob.es/CatalogoICAA/Peliculas/Detalle?Pelicula=29720
UN PLAN IRRESISTIBLE,76720,https://sede.mcu.gob.es/CatalogoICAA/Peliculas/Detalle?Pelicula=76720
UN SEGUNDO,171321,https://sede.mcu.gob.es/CatalogoICAA/Peliculas/Detalle?Pelicula=171321
"Un televisor, un amigo",58720,https://sede.mcu.gob.es/CatalogoICAA/Peliculas/Detalle?Pelicula=58720
Un trabajo y una película,130016,https://sede.mcu.gob.es/CatalogoICAA/Peliculas/Detalle?Pelicula=130016
Un trono para Miss Ghana,83319,https://sede.mcu.gob.es/CatalogoICAA/Peliculas/Detalle?Pelicula=83319
Una famiglia italiana,170118,https://sede.mcu.gob.es/CatalogoICAA/Peliculas/Detalle?Pelicula=170118
UNA JOVEN PROMETEDORA,171920,https://sede.mcu.gob.es/CatalogoICAA/Peliculas/Detalle?Pelicula=171920
Una luz en la oscuridad,150917,https://sede.mcu.gob.es/CatalogoICAA/Peliculas/Detalle?Pelicula=150917
WONDER WOMAN 1984,3620,https://sede.mcu.gob.es/CatalogoICAA/Peliculas/Detalle?Pelicula=3620
XIFRÉ. DE PROFESSIÓ MISSIONER,143920,https://sede.mcu.gob.es/CatalogoICAA/Peliculas/Detalle?Pelicula=143920
Y yo con 25,103020,https://sede.mcu.gob.es/CatalogoICAA/Peliculas/Detalle?Pelicula=103020
Ya no duermo,48820,https://sede.mcu.gob.es/CatalogoICAA/Peliculas/Detalle?Pelicula=48820
Yako y el gallipato,49020,https://sede.mcu.gob.es/CatalogoICAA/Peliculas/Detalle?Pelicula=49020
Yako y la sinfonía del bosque,48920,https://sede.mcu.gob.es/CatalogoICAA/Peliculas/Detalle?Pelicula=48920
"Yako, pequeño naturalista",48620,https://sede.mcu.gob.es/CatalogoICAA/Peliculas/Detalle?Pelicula=48620
"YALDA, LA NOCHE DEL PERDÓN",189220,https://sede.mcu.gob.es/CatalogoICAA/Peliculas/Detalle?Pelicula=189220
Yalla,149518,https://sede.mcu.gob.es/CatalogoICAA/Peliculas/Detalle?Pelicula=149518
Yo,103119,https://sede.mcu.gob.es/CatalogoICAA/Peliculas/Detalle?Pelicula=103119
Yo fui Anderssen,82420,https://sede.mcu.gob.es/CatalogoICAA/Peliculas/Detalle?Pelicula=82420
Yo soy la otra,15719,https://sede.mcu.gob.es/CatalogoICAA/Peliculas/Detalle?Pelicula=15719
ZAPPA,128821,https://sede.mcu.gob.es/CatalogoICAA/Peliculas/Detalle?Pelicula=128821
ZOG I ELS DOCTORS VOLADORS,31721,https://sede.mcu.gob.es/CatalogoICAA/Peliculas/Detalle?Pelicula=31721
ZOLA,200721,https://sede.mcu.gob.es/CatalogoICAA/Peliculas/Detalle?Pelicula=200721
Zurbarán y sus doce hijos,159920,https://sede.mcu.gob.es/CatalogoICAA/Peliculas/Detalle?Pelicula=159920
VIATGE D´HIVERN,32820,https://sede.mcu.gob.es/CatalogoICAA/Peliculas/Detalle?Pelicula=32820
VICKY EL VIKINGO: LA ESPADA MÁGICA,144020,https://sede.mcu.gob.es/CatalogoICAA/Peliculas/Detalle?Pelicula=144020
VÍCTIMA DEL PODER,168120,https://sede.mcu.gob.es/CatalogoICAA/Peliculas/Detalle?Pelicula=168120
Victoria,88718,https://sede.mcu.gob.es/CatalogoICAA/Peliculas/Detalle?Pelicula=88718
Vidas Cruzadas,71220,https://sede.mcu.gob.es/CatalogoICAA/Peliculas/Detalle?Pelicula=71220
VIGILADOS,12121,https://sede.mcu.gob.es/CatalogoICAA/Peliculas/Detalle?Pelicula=12121
Villa Caprice,176321,https://sede.mcu.gob.es/CatalogoICAA/Peliculas/Detalle?Pelicula=176321
VIUDA NEGRA,200919,https://sede.mcu.gob.es/CatalogoICAA/Peliculas/Detalle?Pelicula=200919
"Vive, baila, posa",77919,https://sede.mcu.gob.es/CatalogoICAA/Peliculas/Detalle?Pelicula=77919
Vivir en paz,109719,https://sede.mcu.gob.es/CatalogoICAA/Peliculas/Detalle?Pelicula=109719
VIVIR SIN NOSOTROS,33621,https://sede.mcu.gob.es/CatalogoICAA/Peliculas/Detalle?Pelicula=33621
Vivo,3619,https://sede.mcu.gob.es/CatalogoICAA/Peliculas/Detalle?Pelicula=3619
Voces,158519,https://sede.mcu.gob.es/CatalogoICAA/Peliculas/Detalle?Pelicula=158519
Voces rotas,182319,https://sede.mcu.gob.es/CatalogoICAA/Peliculas/Detalle?Pelicula=182319
VOLVER A EMPEZAR (HERSELF),165720,https://sede.mcu.gob.es/CatalogoICAA/Peliculas/Detalle?Pelicula=165720
Vuela,87719,https://sede.mcu.gob.es/CatalogoICAA/Peliculas/Detalle?Pelicula=87719
Way Down,41519,https://sede.mcu.gob.es/CatalogoICAA/Peliculas/Detalle?Pelicula=41519
Wayback,100119,https://sede.mcu.gob.es/CatalogoICAA/Peliculas/Detalle?Pelicula=100119
we_sounds,62220,https://sede.mcu.gob.es/CatalogoICAA/Peliculas/Detalle?Pelicula=62220
WENDY,163320,https://sede.mcu.gob.es/CatalogoICAA/Peliculas/Detalle?Pelicula=163320
When a Dream Comes True,77820,https://sede.mcu.gob.es/CatalogoICAA/Peliculas/Detalle?Pelicula=77820
WILDLAND,48521,https://sede.mcu.gob.es/CatalogoICAA/Peliculas/Detalle?Pelicula=48521
Wojtyla. La investigación,62420,https://sede.mcu.gob.es/CatalogoICAA/Peliculas/Detalle?Pelicula=62420
Woman,20919,https://sede.mcu.gob.es/CatalogoICAA/Peliculas/Detalle?Pelicula=20919
Una misión de locos,5620,https://sede.mcu.gob.es/CatalogoICAA/Peliculas/Detalle?Pelicula=5620
UNA NIÑA (PETITE FILLE),26821,https://sede.mcu.gob.es/CatalogoICAA/Peliculas/Detalle?Pelicula=26821
Una pastelería en Notting Hill,46920,https://sede.mcu.gob.es/CatalogoICAA/Peliculas/Detalle?Pelicula=46920
Una película en color,200519,https://sede.mcu.gob.es/CatalogoICAA/Peliculas/Detalle?Pelicula=200519
Una ventana al mar,149817,https://sede.mcu.gob.es/CatalogoICAA/Peliculas/Detalle?Pelicula=149817
UNA VETERINARIA EN LA BORGOÑA,15921,https://sede.mcu.gob.es/CatalogoICAA/Peliculas/Detalle?Pelicula=15921
Una vez más,60719,https://sede.mcu.gob.es/CatalogoICAA/Peliculas/Detalle?Pelicula=60719
UNA VILLA EN LA TOSCANA,127721,https://sede.mcu.gob.es/CatalogoICAA/Peliculas/Detalle?Pelicula=127721
UNDERWATER,185619,https://sede.mcu.gob.es/CatalogoICAA/Peliculas/Detalle?Pelicula=185619
UNO DE NOSOTROS,143520,https://sede.mcu.gob.es/CatalogoICAA/Peliculas/Detalle?Pelicula=143520
Urtzen,147620,https://sede.mcu.gob.es/CatalogoICAA/Peliculas/Detalle?Pelicula=147620
Urubú,206718,https://sede.mcu.gob.es/CatalogoICAA/Peliculas/Detalle?Pelicula=206718
"Usar, Tirar, Atascar",51220,https://sede.mcu.gob.es/CatalogoICAA/Peliculas/Detalle?Pelicula=51220
VACACIONES CONTIGO... Y TU MUJER,195320,https://sede.mcu.gob.es/CatalogoICAA/Peliculas/Detalle?Pelicula=195320
VAINILLA,29623,https://sede.mcu.gob.es/CatalogoICAA/Peliculas/Detalle?Pelicula=29623
VAL,84722,https://sede.mcu.gob.es/CatalogoICAA/Peliculas/Detalle?Pelicula=84722
Vampus Horror Tales,19920,https://sede.mcu.gob.es/CatalogoICAA/Peliculas/Detalle?Pelicula=19920
VELOCIDAD DE CRUCERO ALFA,53320,https://sede.mcu.gob.es/CatalogoICAA/Peliculas/Detalle?Pelicula=53320
VEN A JUGAR,151821,https://sede.mcu.gob.es/CatalogoICAA/Peliculas/Detalle?Pelicula=151821
VENGANZA (ARMY OF ONE),174922,https://sede.mcu.gob.es/CatalogoICAA/Peliculas/Detalle?Pelicula=174922
VERANO DEL 85,146720,https://sede.mcu.gob.es/CatalogoICAA/Peliculas/Detalle?Pelicula=146720
VERMO,202919,https://sede.mcu.gob.es/CatalogoICAA/Peliculas/Detalle?Pelicula=202919
VESANIA,160319,https://sede.mcu.gob.es/CatalogoICAA/Peliculas/Detalle?Pelicula=160319
Vía Libre,51920,https://sede.mcu.gob.es/CatalogoICAA/Peliculas/Detalle?Pelicula=51920
